Index,Actual,Predicted
3673,1,1
20233,0,0
5332,1,1
4771,1,1
13059,1,0
21404,0,0
14321,0,0
23189,1,1
6281,1,0
15075,1,1
16188,1,1
23273,0,0
14099,0,0
12831,0,0
9315,1,1
16424,1,0
15851,1,1
10819,0,0
24350,1,1
2541,0,1
6216,0,0
11327,0,0
28717,1,1
2858,1,1
26008,0,0
22029,0,1
7481,0,1
2884,0,0
6607,1,1
8188,0,0
16171,0,1
10981,0,0
14694,0,0
15094,1,1
9401,0,0
1246,1,1
5286,1,1
6814,1,1
28175,0,1
15891,0,0
27515,1,1
25213,0,0
27514,0,0
10870,0,0
13638,0,0
20962,0,0
3601,0,0
8192,0,0
9913,0,0
23859,0,0
11597,1,1
28603,0,0
19099,0,0
5068,0,0
11674,1,1
2856,0,0
7759,1,1
4084,1,1
9214,0,1
6663,1,1
22048,1,0
14701,1,1
26584,0,1
19905,1,1
21604,1,1
9198,0,0
14084,0,0
15873,0,0
96,1,1
4739,0,0
10376,0,0
6133,0,0
3242,0,1
27677,0,0
22397,0,0
24615,0,0
27338,1,1
14819,0,0
20177,0,1
17062,0,0
16600,1,1
1457,0,1
7256,1,1
13793,0,0
27214,1,1
7834,0,0
9350,1,1
4285,1,1
9971,0,0
8310,0,0
12689,0,0
18948,0,0
13632,1,1
13987,1,0
18856,0,0
28180,1,1
11504,0,0
21374,1,1
6067,0,1
9362,0,0
18247,0,0
4850,0,0
21541,1,1
1103,1,1
24647,0,0
1668,0,0
18152,0,0
7488,1,1
24524,1,1
15055,0,0
7221,0,0
23637,0,0
15481,1,0
16060,1,1
3108,1,1
15778,0,0
26473,0,0
13094,0,0
21466,0,0
26818,1,1
20160,0,1
17613,0,0
17497,0,0
18611,0,0
17329,0,0
17870,1,1
23593,0,1
22377,1,1
6745,1,1
17803,1,0
4707,1,1
5472,0,0
7258,0,0
19390,0,0
2281,1,1
2518,1,1
28097,1,1
6202,0,0
19005,0,0
3703,1,1
1815,0,0
24863,1,0
24667,1,1
1758,0,0
19432,1,1
2507,0,0
19533,1,1
17128,1,1
3077,1,1
4246,0,0
26988,0,0
2641,0,0
18936,0,0
4877,1,1
7178,0,0
20188,1,1
2464,1,1
12943,1,1
25226,1,1
5705,1,1
26692,0,0
18620,1,1
5998,1,1
28182,1,1
2602,1,1
3585,0,0
22770,0,0
22709,1,1
10650,0,0
19388,1,1
10387,1,1
7298,1,1
26856,1,1
17495,0,0
28613,1,1
12414,0,1
4449,1,1
11890,1,0
23231,1,1
24782,0,1
6522,1,1
24547,1,1
6620,1,1
11070,0,1
23228,1,1
15242,0,0
15065,1,1
4170,1,1
7315,0,0
4843,0,0
28183,0,0
11603,0,1
7888,0,0
16551,0,1
4347,1,1
6919,0,0
20115,1,1
7091,1,1
22570,1,1
21124,1,0
6362,0,0
3698,0,0
20267,1,1
15532,0,1
16568,1,1
6753,0,0
10239,1,1
21806,1,1
23635,0,0
24449,1,1
16717,1,1
3122,1,1
26725,0,1
23502,0,0
14410,1,1
12859,0,0
25858,0,0
742,1,1
843,0,1
13495,1,0
11868,0,0
16721,0,0
20330,1,1
17644,0,1
21117,0,0
17776,1,1
18336,0,0
12385,0,0
2111,1,1
852,1,1
3023,0,0
11507,0,1
22726,0,0
14612,0,0
2463,0,0
6241,1,1
7029,1,1
4003,1,1
24531,1,1
6463,0,0
11061,0,0
23184,0,0
9296,1,1
28327,1,1
18916,1,1
7955,0,0
17542,0,0
26450,1,1
26083,0,1
9960,0,0
16486,0,0
1288,1,1
5174,0,1
20941,1,1
17730,1,1
8048,1,1
26506,1,1
8494,0,0
8057,1,1
6250,0,0
22257,0,0
25063,1,1
21788,0,0
14353,0,0
26533,1,1
5780,0,0
2876,1,1
19947,0,0
17056,0,0
2918,0,0
27616,0,0
15975,0,0
1503,1,1
6964,1,1
1972,0,1
11315,1,0
17229,0,1
6977,0,0
9116,0,0
1266,0,0
1912,1,1
28643,1,1
19841,0,0
15496,0,1
18903,0,0
26391,0,0
3503,0,0
7431,0,1
22705,0,1
1536,0,0
12524,0,0
11125,0,1
16525,0,1
13212,0,0
18317,1,1
7826,1,1
23210,1,1
15657,0,0
13742,1,1
23704,0,0
20001,1,1
16670,0,0
18797,1,1
11566,0,1
8316,0,0
5971,0,0
10007,0,1
5501,0,0
11257,1,1
10104,1,1
6149,1,1
6712,1,1
24627,1,1
28320,1,1
21857,1,1
11506,0,0
1610,1,1
2647,0,0
25652,1,1
27584,1,1
4419,1,1
6253,0,0
26332,1,0
15558,0,0
4519,1,1
12680,1,1
15303,1,0
2950,1,1
4793,0,1
2868,1,1
23837,1,1
18664,1,0
23066,0,0
351,0,0
12284,0,0
5523,0,0
92,1,1
4932,1,1
7969,0,0
20912,1,1
9733,0,0
18078,0,0
7627,0,0
22818,0,0
12727,1,1
13570,0,1
18597,0,0
14930,0,0
5853,1,1
7224,0,0
24235,0,0
14077,1,1
4715,1,1
22471,0,0
7268,0,0
23268,1,1
14697,0,1
21015,1,1
16501,0,1
26520,1,1
26207,0,0
24898,1,1
19608,0,1
23887,1,1
12129,0,0
1092,1,1
20704,1,1
15530,1,1
14848,1,1
5379,0,0
5040,1,1
5742,0,0
7652,0,0
27565,0,0
16572,1,1
21886,0,0
2153,1,1
22294,1,1
22672,0,0
10261,0,0
21371,0,0
19344,1,1
27213,1,1
16228,1,1
5219,0,1
14653,1,1
23618,0,0
19084,1,1
20200,1,1
20474,0,1
12117,0,0
27868,1,1
23596,0,0
5762,0,0
8013,0,0
8319,1,1
14632,1,1
28770,0,0
9209,1,1
12372,1,1
17603,0,0
10798,0,0
23039,0,0
9760,0,0
25390,1,1
22098,1,1
21287,1,1
4678,1,1
20052,0,0
27983,0,0
6237,0,0
10305,1,1
22920,1,1
10087,1,1
12093,0,1
866,0,1
15280,0,0
1598,0,0
9246,0,0
15501,0,0
8687,0,0
12170,0,1
28493,0,0
4871,0,0
17668,1,1
22891,1,1
15095,0,0
21938,1,1
21436,0,0
22315,0,0
1475,0,0
25023,0,0
13181,0,0
2532,1,1
14937,0,0
16192,0,0
7763,0,0
13244,0,0
27173,1,1
24387,0,0
27550,1,1
26167,1,1
11715,0,0
16415,1,1
4469,1,1
18373,1,1
19734,1,1
1330,1,1
14279,1,1
21968,1,1
28109,0,0
17292,1,1
9509,1,1
4659,1,1
4813,1,1
11701,1,1
27387,0,0
6904,1,1
11491,0,1
21411,1,1
19038,1,1
11153,0,1
5770,1,1
5121,0,0
705,1,1
7330,0,0
2848,1,1
15834,1,0
21821,0,1
23842,1,1
21209,0,1
12650,0,1
27664,0,1
23368,0,0
9770,0,1
1227,1,1
8069,0,0
19401,1,1
23838,0,0
13291,1,1
2907,1,1
6876,1,1
28711,1,1
8542,0,0
27526,0,0
19413,1,1
22051,1,1
13989,0,0
5525,1,1
5980,1,1
5841,0,1
19490,0,0
14001,0,0
3492,0,0
12230,1,1
10899,1,1
15143,0,0
25487,1,1
19644,1,1
21926,0,0
18809,1,1
5685,1,1
7936,0,0
6400,1,1
273,0,0
11365,1,1
12986,0,0
7468,0,0
6069,1,1
13257,0,0
6602,1,1
14763,1,1
14198,1,1
12324,0,0
27391,0,1
3844,1,1
2867,0,0
3707,1,1
8480,1,1
4596,0,0
22249,1,1
15947,0,0
11731,0,0
15287,0,0
16685,1,1
28669,1,1
4738,1,1
22501,1,1
8457,1,1
25637,0,1
18371,0,0
5771,0,0
9693,1,1
3776,0,0
21226,0,0
18932,0,0
5679,0,0
14869,1,1
16153,1,1
17195,1,1
5720,0,0
28027,1,1
27018,1,1
10741,1,1
22165,0,0
196,1,0
3798,1,1
26021,0,0
25012,1,1
1190,1,1
1968,1,1
6290,0,0
5312,0,0
28566,0,0
19701,0,0
25980,0,0
10217,1,1
19985,0,0
8892,0,0
16072,0,0
25503,0,0
16823,1,1
18392,1,1
2947,1,1
15084,0,0
24132,0,0
25093,1,1
24219,1,1
26586,0,0
17525,1,1
20907,1,1
2342,1,1
11091,0,0
25953,0,0
499,0,0
26485,0,0
11568,1,1
15144,1,1
22824,0,0
20870,1,1
15006,0,0
17959,1,0
21280,1,1
11628,1,1
8604,0,0
17361,1,1
312,0,1
20034,1,1
19133,1,1
23839,0,0
14454,0,0
7600,1,1
25042,1,1
4903,1,1
27390,1,1
6188,0,0
1483,0,0
11788,0,0
5653,0,0
10714,1,1
12216,0,1
14144,1,1
4421,0,0
4783,0,0
3208,1,1
3482,0,0
6552,1,1
13115,1,0
10354,1,1
13544,0,0
7438,0,1
8229,1,1
24492,0,1
4579,1,1
23432,0,1
16632,0,1
278,1,1
9392,0,0
18484,0,0
21996,1,1
22328,1,1
25754,0,0
18130,0,1
28113,1,1
14991,0,1
21610,0,0
7609,0,0
345,1,1
15869,0,0
14556,0,1
17088,0,0
27615,1,1
8255,1,1
21746,1,1
9159,0,0
9093,0,0
16640,0,1
19400,0,0
23591,0,0
19599,1,1
7986,1,1
15304,1,1
2457,1,1
13909,1,1
13033,1,0
3979,0,0
14412,1,0
27667,0,1
21842,1,1
17146,1,1
18517,0,0
22080,0,0
25959,0,0
13617,0,0
7952,0,0
16856,0,0
18835,1,0
26824,1,1
9153,0,1
13706,0,1
8336,1,1
2583,1,1
2752,0,0
6,1,1
579,1,1
19335,0,0
1388,0,0
550,1,1
25240,0,0
10191,0,0
12220,1,1
9845,0,1
24175,1,1
1738,0,0
7889,0,0
428,1,1
1396,0,1
5511,0,1
2201,1,1
26528,0,0
16916,0,0
16764,1,1
4990,0,0
25331,1,0
3923,1,1
9407,0,1
28340,0,0
14733,0,1
26141,0,0
27797,1,1
1937,1,1
4900,1,1
11756,0,0
8525,1,1
6769,0,0
17190,1,1
8398,1,1
12657,0,0
5220,0,1
19376,0,0
13316,0,1
5601,0,1
12381,0,0
8504,0,0
25315,0,0
25128,0,0
17311,0,0
21072,0,0
14076,1,1
8889,0,0
9939,0,0
6422,0,0
7792,0,0
3660,0,1
9069,0,0
10373,1,1
20163,0,0
25859,0,0
12407,0,1
6419,1,1
6111,0,0
4879,1,1
16204,1,1
14041,0,0
3840,0,0
15428,1,0
7785,1,1
16981,0,0
10930,1,0
9188,1,1
12038,1,1
23397,1,1
733,1,1
14654,0,0
13548,1,0
3548,0,1
16860,1,1
10810,0,0
1791,0,0
19786,0,0
8739,0,0
20968,1,1
12036,1,1
9427,0,0
11361,0,1
14272,1,1
2061,0,0
8119,1,1
9622,1,1
21706,0,1
5572,1,1
4093,0,0
26111,0,0
3402,1,1
27994,1,1
2476,0,0
11919,0,0
24672,1,1
9731,0,0
17679,0,0
9970,1,1
25017,0,0
21844,0,1
14684,1,1
22441,0,0
7033,1,1
14121,0,1
14989,1,1
22543,0,0
13018,1,1
18791,0,0
626,1,1
9048,1,1
11448,0,0
8895,0,0
26802,0,0
24426,1,1
22524,1,1
27793,1,1
26461,0,0
28512,0,0
24124,1,1
4058,1,1
16258,0,0
1433,0,0
13977,0,0
5343,0,1
4047,0,1
25151,1,1
23357,1,1
8121,0,0
16893,0,0
15238,1,1
14778,1,1
13649,1,1
20608,1,1
2383,0,0
14618,0,0
3592,0,0
10321,1,1
2540,1,1
23810,0,0
25417,0,1
3425,0,0
491,1,1
19525,1,1
20987,1,1
12083,1,1
5048,1,1
22799,0,0
19863,0,0
18149,0,0
17981,0,1
6788,0,0
4186,0,1
11417,0,1
15175,1,0
19372,1,1
16769,1,1
3473,0,0
12110,0,0
20763,1,1
5731,0,0
25729,1,1
18399,0,0
21346,0,1
21679,1,0
20843,1,1
12405,1,1
4165,0,0
21622,1,1
26527,1,1
18288,1,1
14097,1,0
1588,1,1
8193,0,0
22210,0,0
7751,0,0
15862,0,0
19326,1,1
24329,0,0
9779,0,0
9942,0,0
22571,0,0
7306,0,0
27538,0,0
2141,0,0
28664,1,1
15912,0,0
3507,0,0
24418,1,1
4320,1,1
13061,1,1
28055,1,1
11765,0,0
25560,0,0
17333,0,0
23643,1,1
27141,1,1
18543,0,0
8971,1,1
1109,1,1
13728,0,0
25811,0,0
22139,1,1
11402,0,0
18547,0,0
5908,1,1
16068,0,0
7880,0,0
19399,0,0
16088,1,1
5647,0,0
28403,1,1
14151,0,0
4672,0,0
12111,0,0
17638,0,0
26335,0,0
22707,0,0
20513,1,1
5863,0,0
4303,0,0
24848,1,1
26978,0,0
21370,0,0
8375,0,0
17470,0,1
11585,1,1
6562,0,0
22585,1,1
22691,0,0
19346,1,1
8113,1,1
22894,1,1
19752,0,0
3931,1,1
28263,0,0
21947,0,0
24677,0,0
462,1,1
4181,0,0
25733,1,1
12032,1,1
4391,0,0
24950,1,1
11337,1,1
15953,0,0
1569,0,1
7976,0,0
22632,1,1
5098,1,1
4408,0,0
4438,1,1
18882,0,1
25727,0,0
23024,1,1
21525,0,0
7204,1,1
21911,1,1
2932,1,1
17636,0,0
16324,0,0
46,1,1
1122,1,1
24255,0,0
25026,0,0
17218,0,0
20051,0,0
11686,1,1
6275,0,0
24476,1,1
14722,1,1
1339,1,1
14529,0,0
22557,0,0
16737,0,0
5657,0,0
397,0,0
26771,1,1
27076,1,1
4832,1,1
10543,0,0
243,0,0
5478,0,1
15163,0,0
1555,0,1
14535,0,0
15468,1,1
15478,0,0
516,1,1
26314,1,1
13904,0,0
2903,0,0
21790,1,1
20516,0,0
19448,1,1
20381,1,1
11624,1,1
21643,0,0
3096,1,1
24205,1,1
14847,0,0
18329,0,0
21013,0,0
4351,1,1
28171,1,1
18372,0,0
9607,1,1
3778,0,0
18853,1,1
17300,0,0
8136,0,0
1434,1,1
10282,0,0
22306,0,0
6633,0,1
23309,1,1
21543,1,1
25692,1,1
5460,1,1
11658,1,1
12804,1,1
17787,0,0
14735,0,0
13066,1,1
18499,1,0
13024,0,0
4756,0,0
250,1,1
5210,0,1
14222,0,0
14048,0,0
13053,0,0
8760,1,1
18617,0,0
14425,1,0
5535,0,0
8570,0,0
19757,1,1
12794,0,0
2171,1,1
7346,0,0
19411,1,1
16449,0,0
15370,0,0
7602,0,0
23495,0,0
9870,0,1
12660,0,0
4405,1,1
12947,0,0
6235,0,0
3441,1,1
52,0,1
22145,0,0
23436,0,0
16418,1,1
9683,1,1
7997,0,0
20457,1,1
24554,1,0
10855,0,0
9464,0,0
7827,1,1
4689,1,1
28784,1,1
21813,0,1
25295,0,0
210,1,1
8156,0,0
5453,0,0
6742,1,1
26134,0,0
26639,1,1
28250,0,0
12578,1,1
22948,1,1
25400,0,0
501,1,1
24516,0,0
26230,1,1
27177,1,1
3638,0,0
6706,1,1
19292,0,0
24263,1,1
11420,1,1
2208,0,1
25578,0,0
7767,1,1
9999,1,1
19410,1,0
2898,1,1
10963,0,0
3027,0,0
14801,0,0
21348,0,0
26733,1,1
23552,0,1
23594,1,1
5576,0,0
10914,0,0
17161,0,0
28095,0,0
6557,1,1
14143,1,1
19155,1,1
21229,1,1
22692,1,1
16400,0,0
12547,1,1
24701,1,1
28419,0,0
28211,1,1
28576,0,0
4416,0,0
13745,1,1
10127,0,0
25284,1,1
25850,0,0
8124,0,0
23175,0,1
28003,1,1
26769,1,1
25575,1,1
26254,1,1
11544,0,0
12733,1,1
674,1,1
2974,1,1
4178,0,0
5284,0,0
20000,1,1
7698,1,1
8029,1,1
12417,0,0
13462,0,1
14608,0,0
24176,0,1
5304,0,1
13709,0,0
3318,1,1
5157,1,1
5214,1,1
18650,0,0
2310,0,1
23070,0,0
23497,1,1
2819,1,1
25829,0,0
14558,1,1
2929,0,0
9056,0,1
7747,0,1
19658,1,1
26788,0,1
8610,1,1
12217,1,1
5215,0,0
4977,0,0
16665,0,0
8054,0,0
19848,1,1
18670,0,0
25895,0,0
13852,0,0
11598,0,1
8028,0,0
8879,1,0
20236,0,0
3193,1,1
505,0,0
28633,0,0
7212,1,0
5621,1,1
3594,1,1
4645,1,1
8218,0,0
17998,0,0
9948,1,1
99,1,1
16283,1,0
18998,1,1
18700,0,0
4048,1,1
9729,0,0
2136,0,0
22247,0,0
15134,0,0
23220,0,1
12832,0,0
16083,1,1
341,0,0
17847,1,1
22376,0,0
24568,0,0
7495,0,0
1684,1,1
23418,0,0
21646,0,1
21504,0,0
26173,1,1
3595,0,0
15306,0,1
12958,0,0
24576,1,1
25697,1,1
13943,1,1
6280,1,1
17286,0,0
22924,1,1
21774,0,0
13366,0,0
4915,0,0
3189,1,1
14204,1,1
14687,1,1
16003,0,0
5627,0,1
3518,1,1
12800,0,0
6252,1,1
16155,1,0
10342,1,1
8516,0,0
11661,0,0
9728,0,0
17656,1,1
2718,0,0
18439,0,0
1278,1,1
3102,1,1
15333,1,1
8409,1,1
7713,0,0
4336,0,0
18129,1,1
4540,1,1
21721,0,0
4744,1,1
19961,1,1
11923,0,0
9189,0,0
8037,1,1
10579,0,0
6165,1,1
14393,0,0
7339,1,1
10971,0,0
13583,0,0
24910,0,1
23448,1,1
22366,0,0
20816,1,1
12788,0,0
8372,0,0
1053,0,0
14569,1,1
21390,1,1
21251,1,1
25037,1,1
13049,0,0
6204,0,0
19606,1,1
21773,0,0
6198,0,0
18294,1,1
2043,1,1
2561,0,0
16291,1,1
25320,0,0
20357,1,1
13735,0,0
3053,0,0
1660,1,1
19795,1,1
8180,1,1
4745,1,1
13153,1,1
25625,1,1
8184,1,1
19892,0,1
16787,0,1
2240,1,1
28143,1,1
6244,0,0
26397,1,1
20589,1,1
28276,1,1
15057,1,1
8362,1,1
21333,1,1
980,0,0
13842,0,0
14736,0,0
21522,0,0
16315,1,0
8932,0,0
9459,1,1
11925,1,1
28088,1,1
21178,0,1
24374,1,1
9289,1,1
14514,1,1
27771,1,1
23298,0,0
15805,1,0
21875,1,1
6285,0,0
3282,0,0
14532,1,1
24435,1,1
8651,0,0
4884,0,0
274,0,0
18035,0,0
3210,1,1
13259,0,0
9655,0,0
26238,0,1
23731,0,1
13164,1,1
4639,1,1
15720,0,1
15452,0,0
6418,1,1
19664,0,0
8358,1,1
26676,0,0
27423,1,1
20989,0,0
21761,1,1
5227,0,0
26833,1,1
27590,0,0
11615,0,1
15109,0,0
9103,1,1
28694,1,1
6531,0,0
27289,1,1
12717,0,0
18358,1,1
22348,1,1
657,1,1
9712,1,1
28525,0,0
11812,0,0
14049,1,0
1406,0,0
878,1,0
7893,0,0
10936,0,1
943,1,1
3106,1,1
16985,1,1
27602,0,0
12739,0,0
4115,0,0
27645,0,0
21665,0,0
25601,1,1
19518,1,0
18837,1,1
20837,1,1
13195,0,1
25649,1,1
10952,1,0
573,1,1
15650,0,0
27596,0,0
9070,0,0
12833,0,0
20619,0,0
905,1,1
11359,0,0
3735,0,0
23806,1,1
26028,0,0
19353,1,1
21304,1,1
27449,0,1
4480,1,1
18465,1,1
19617,1,1
17390,0,0
13037,0,0
3547,1,1
24890,0,0
23936,0,0
27222,1,1
21594,1,1
7534,0,0
14105,0,0
26940,1,1
10399,0,0
15824,0,0
5550,1,1
14510,1,1
12729,1,1
16798,0,0
19424,1,1
1427,1,1
25831,1,1
21221,0,0
2286,1,1
21450,1,1
8929,0,1
8091,0,0
13881,0,1
13144,1,0
16051,0,0
19507,1,1
19910,0,0
12606,0,0
13293,0,0
23232,1,1
20934,0,0
13551,1,0
24561,1,1
5225,0,0
26413,1,1
12248,0,0
24510,1,1
16128,0,0
28045,1,1
16516,0,0
872,1,1
5354,0,0
26338,1,1
11124,1,1
12133,0,0
12848,0,1
10128,1,0
25282,0,0
13539,0,1
11355,1,1
5787,1,1
13810,0,1
1282,1,1
7753,1,1
22038,0,0
18576,0,0
19473,1,1
19690,1,1
27051,0,0
10428,0,1
21051,1,1
2325,1,1
25168,0,0
27892,1,1
20179,0,1
18784,1,1
14942,1,0
18274,1,0
1426,1,1
3058,1,0
16941,0,0
6879,0,0
5474,1,1
7247,1,1
23795,0,0
4972,0,0
11967,0,0
6502,1,1
6308,1,1
22576,0,0
28073,1,1
18915,1,0
6741,1,1
19797,1,1
17704,1,1
23124,0,0
3806,1,1
19560,0,0
7085,1,1
25887,0,0
20576,0,0
7721,1,1
16037,1,1
13312,1,1
27671,0,0
11414,0,0
217,0,0
22112,1,1
23473,1,1
911,1,1
28682,1,1
20467,0,0
3451,1,1
25790,1,1
4344,1,1
288,1,1
23222,1,1
9213,0,1
21465,0,0
15544,1,0
121,1,1
4742,0,0
890,0,0
19138,0,0
26456,1,1
16830,0,0
17753,0,0
1804,0,1
16090,1,1
16287,1,1
21660,0,1
3916,0,0
14475,1,1
19422,0,0
17852,1,1
27820,0,1
21000,0,1
13177,0,0
16174,0,1
21198,1,1
7305,1,1
5844,1,1
13738,0,0
25886,0,0
12493,0,1
5963,1,1
19955,0,0
15677,1,1
15949,0,0
26423,1,1
27612,1,1
16556,1,1
9571,1,1
23466,0,0
16784,1,0
24881,0,0
26817,0,0
10814,0,0
25194,0,0
18250,1,1
3470,0,0
16308,0,0
20078,1,1
1035,0,0
9889,1,1
27979,1,1
18128,0,0
9872,0,1
1412,0,0
3946,1,1
28121,0,0
5394,1,1
23152,0,0
20187,0,0
11794,0,0
27417,1,1
11028,0,0
17233,1,1
15286,1,1
20790,0,0
20459,0,0
21794,1,1
20174,0,0
21707,0,0
15426,0,0
15299,1,1
1661,1,1
26608,0,0
4484,1,1
22761,0,0
19391,1,1
4070,1,1
18151,1,0
8034,0,1
8157,1,1
5804,1,1
10244,0,0
19361,0,0
8241,0,0
11935,0,0
24328,0,0
23582,1,1
16321,0,0
18701,0,0
10098,1,1
26022,0,0
5201,1,1
7416,0,0
15396,0,1
21558,0,0
27896,0,0
17467,1,1
7095,0,0
22272,1,1
9574,1,1
14944,1,0
14623,0,0
28453,1,1
27796,1,1
6455,0,0
13571,0,0
24201,1,1
401,0,0
15004,0,0
10362,0,0
23761,1,1
1921,1,1
5654,1,1
15917,0,0
18282,1,1
22039,0,0
25469,0,0
8304,0,0
26013,1,1
20485,1,1
3488,0,0
3635,0,0
8466,0,0
6933,1,1
26383,0,1
10726,0,1
24227,0,0
23120,0,0
14829,1,0
15900,1,1
12887,0,0
6688,0,0
15933,0,0
10760,1,1
12384,0,0
17799,0,0
9668,0,0
11021,0,0
9089,1,1
15673,1,1
12107,0,0
17746,0,1
24957,1,1
447,1,1
27777,1,1
18429,1,1
19860,0,1
19355,1,1
19470,0,0
3268,0,1
24683,0,0
10507,0,1
8074,1,1
28750,0,0
16076,1,0
1302,1,1
19917,1,1
18560,1,1
27557,0,0
27167,0,0
323,0,0
2129,1,1
13023,1,0
1087,0,0
26153,1,1
15752,1,1
22500,1,1
26661,1,1
27724,1,1
10130,0,0
14809,0,0
16922,0,0
26025,1,1
20507,0,0
21917,1,1
25209,1,1
3000,1,0
10454,0,1
8082,1,1
14145,1,1
21741,1,1
5561,0,0
22231,0,0
14992,0,0
3752,0,0
14101,0,0
6777,0,1
19990,0,1
7801,0,0
14675,0,0
24448,0,0
11189,1,1
13677,0,1
15105,0,0
3265,0,0
199,1,1
17938,1,1
11038,1,1
20364,0,0
18811,1,1
7209,1,1
14943,0,0
12152,0,0
1337,1,1
27131,1,1
11006,1,1
18603,0,0
17710,0,0
19100,1,1
25940,0,0
21960,0,0
9248,0,0
2119,0,0
10500,0,0
2275,1,1
9405,0,0
7175,0,0
23246,0,0
6711,0,0
16235,0,0
12487,1,1
9038,0,0
25308,1,1
13175,1,1
762,1,1
11904,0,0
6508,1,1
13911,1,1
423,1,1
18801,0,0
28595,0,0
22722,1,1
4037,1,1
12520,1,1
28029,0,0
15820,1,1
25244,0,0
1441,0,1
23245,0,1
775,0,0
12461,0,1
25620,0,0
23578,0,0
15101,1,1
11374,1,1
17452,1,1
20517,1,1
3115,1,1
8904,0,0
1050,1,1
23018,0,0
20565,0,0
20218,1,1
27620,1,1
1512,0,1
25010,0,0
10092,1,1
2497,1,1
10030,0,0
16613,1,1
13514,1,0
14495,0,0
12895,1,1
8144,1,1
12072,1,1
19935,1,1
21501,1,1
20495,0,1
10175,0,0
14370,1,1
9003,0,0
28628,0,0
16954,0,0
28103,1,1
20550,1,1
18901,0,0
24838,0,1
19515,0,0
28442,1,1
21882,1,0
2901,0,0
10493,0,0
24669,0,0
1837,0,0
14834,1,0
24539,0,0
17460,0,0
4702,0,0
11488,0,0
22140,0,0
18535,0,0
10166,0,0
9125,1,1
15028,1,1
21952,0,1
13141,1,0
12932,0,0
20868,1,1
28649,1,1
10947,1,1
24756,1,1
20458,0,0
17533,0,0
9938,1,1
16808,1,1
14014,1,1
12560,1,0
7663,1,1
14946,0,0
19940,0,0
26840,1,1
14704,1,1
26458,0,0
4794,0,0
8557,1,1
5516,0,1
25807,0,0
5393,1,1
2955,0,0
3386,0,1
6328,1,1
24807,1,1
10505,0,0
4455,1,1
6619,1,1
2041,1,1
7667,0,0
26089,0,0
9006,0,0
12309,0,0
25259,1,1
18654,1,1
27520,0,0
16413,0,0
24553,1,1
7337,0,0
10935,0,1
13616,1,1
11524,1,1
17426,1,1
9849,0,0
26274,1,1
25990,1,1
8845,1,1
2508,0,0
19168,0,0
17911,1,1
12586,1,1
26259,1,1
12902,0,0
15697,0,0
22532,1,1
15017,1,1
18353,0,0
23634,0,0
6830,1,1
2676,0,0
11449,1,1
12455,0,1
11541,1,1
25804,0,0
17989,1,0
13270,0,0
25548,0,0
22975,0,0
20886,0,0
928,0,0
3394,1,1
10413,1,1
15838,0,0
9563,0,0
2744,1,1
14421,0,0
19277,0,0
6703,0,0
21161,0,0
24598,1,1
24131,0,0
18567,1,1
28495,1,1
23969,0,0
11635,1,1
22985,0,0
20030,0,0
15014,0,0
21982,1,1
19327,1,1
1448,0,1
14359,1,1
6434,0,0
4685,0,0
20894,1,1
23909,0,1
21775,1,1
7800,1,1
4461,1,1
12313,1,1
17635,0,0
13581,0,0
25865,1,1
20091,1,1
34,1,1
25024,0,0
5676,1,1
10052,1,1
4982,0,0
9058,1,1
15652,0,0
15268,0,1
261,1,1
1710,1,1
28720,1,1
24225,1,1
2034,1,1
23249,0,0
4339,1,1
8170,0,0
16242,0,0
7916,0,0
11719,1,1
25845,1,0
25810,0,0
9685,1,1
24607,1,1
27421,1,1
2943,1,1
26544,0,0
4584,1,1
5198,0,0
1923,0,1
5638,1,1
13630,1,1
790,0,0
26175,0,0
5940,0,1
12637,0,1
8145,0,0
22645,1,1
8324,1,1
25644,0,0
27617,0,1
2388,1,1
4525,0,0
2346,1,1
13369,0,0
6689,1,1
22336,0,0
5871,1,1
17035,1,1
3160,0,1
10669,1,1
7094,0,0
3169,0,1
7745,0,0
27489,0,0
12969,0,0
19224,1,1
27714,1,1
19743,0,0
21040,1,1
1444,0,0
2157,0,0
474,1,1
5382,1,1
28281,0,0
12235,0,0
23334,0,0
28769,0,0
19241,1,1
12146,1,1
26640,0,0
25604,1,1
13959,1,1
5114,0,0
24656,1,1
20152,0,0
28307,0,0
21215,0,0
16015,1,1
7542,1,1
12554,0,0
11048,0,1
4341,0,1
11677,0,1
9577,0,0
8407,0,0
25220,0,0
3799,1,1
24199,0,0
12351,0,0
18983,1,1
16588,0,1
4546,1,1
1489,0,0
3694,1,1
26508,1,1
9891,0,1
16949,1,1
26202,1,1
7974,0,0
27229,1,1
13607,1,0
10133,1,1
18759,1,1
1366,0,0
17629,0,0
5365,0,0
12484,0,0
7267,0,0
14070,0,0
22127,0,0
20621,0,0
13589,0,0
8821,0,0
11290,0,1
25111,0,0
28642,1,1
14360,0,0
14304,0,0
20300,1,1
16643,0,0
27931,1,1
19605,1,1
2168,0,1
13297,0,0
10235,0,0
19776,1,1
22748,0,1
15744,1,0
11453,0,1
16039,1,1
7293,1,1
7794,1,1
26981,1,1
27011,0,0
6137,0,1
18914,1,0
23113,1,1
4375,1,1
19504,1,1
9902,1,1
19395,1,1
12326,0,0
22885,1,0
28542,1,1
5640,0,0
8618,0,0
20487,1,1
127,1,1
18185,0,0
23514,0,0
22371,1,1
873,0,1
27587,0,0
4148,0,0
28125,1,1
28348,0,0
15772,1,0
12620,1,1
24104,1,1
8295,0,0
16254,0,0
25767,0,0
5038,0,1
24610,0,0
17384,0,0
19580,1,1
13137,0,0
5414,1,1
27028,1,1
11409,0,1
12691,0,0
22621,1,1
21910,1,1
28454,0,0
15718,0,0
20604,1,1
26968,0,1
11621,0,1
20092,1,1
2900,0,1
13188,0,0
1182,1,1
19082,1,1
28292,1,1
4156,0,1
1450,0,0
5513,0,0
6119,1,1
26149,0,0
6010,1,1
4679,1,1
10090,0,0
24299,0,0
27092,1,1
20351,1,1
10830,0,0
20243,1,1
12531,0,0
22134,0,0
19499,1,1
19273,0,0
9918,0,0
28116,1,1
12291,1,1
14372,1,1
26101,0,0
25451,1,1
536,0,0
12811,0,0
25062,0,0
11107,1,0
12281,1,1
13309,0,0
11474,0,1
28470,0,0
3829,0,0
20319,1,1
20193,0,0
14570,0,0
10950,0,0
10398,0,0
27109,0,1
3410,1,1
28382,1,1
16249,1,0
2140,0,1
5975,1,1
17553,1,0
2308,0,0
26871,1,1
15667,0,0
9309,0,1
6760,1,1
15570,0,0
24926,0,0
20751,0,1
11611,0,1
3316,1,1
15135,0,1
15843,0,0
20688,1,1
19412,1,1
5503,0,0
12994,0,0
19131,1,0
5883,1,1
8451,0,0
11011,0,1
4580,1,1
15165,0,0
4413,1,1
7690,0,0
24136,0,0
16700,1,1
971,1,1
1453,0,0
880,0,0
16947,1,0
10958,0,0
23282,0,0
16289,1,1
9842,0,0
18013,0,0
21505,1,1
3498,1,1
24757,1,1
10004,0,0
13021,1,1
4749,1,1
28172,1,1
9115,1,1
1741,0,1
23708,1,1
9542,0,0
19044,0,0
12066,0,0
26993,1,1
4471,1,1
7353,0,0
23844,0,0
22375,1,1
16419,1,1
5658,0,0
1723,1,1
11313,1,1
15809,1,1
13152,0,0
5729,0,0
19986,0,0
3284,0,1
17828,0,0
8206,1,1
13766,1,0
6906,0,0
5496,1,1
4393,0,0
4819,0,0
12240,1,1
2393,0,0
4206,0,0
13394,0,0
27129,1,1
21196,1,1
27524,1,1
13816,0,0
17942,1,1
10132,0,0
24645,1,1
18423,1,1
9561,1,1
18131,0,0
28229,1,0
1994,1,1
6914,0,0
18506,0,0
2276,1,1
485,1,1
5553,1,0
26308,0,0
14947,1,1
26625,0,0
27591,1,1
24362,0,0
25746,1,1
21808,1,1
2579,0,0
18179,0,0
5864,1,1
8616,1,1
25564,1,1
14753,1,1
22389,0,0
14488,0,0
12064,0,0
26352,1,1
16778,1,0
15564,1,0
4730,1,1
27032,0,0
27142,1,1
20117,1,1
17829,0,1
24905,0,0
20509,0,1
4913,0,1
28037,1,1
3382,1,1
21298,1,1
8574,0,0
291,1,1
11007,0,1
7051,1,1
23673,0,0
8246,1,0
16882,0,0
28035,1,1
24371,1,1
3286,1,1
3256,1,1
10556,0,0
1765,1,1
2982,1,1
12483,0,0
2772,0,0
14351,1,1
13090,0,0
26994,0,1
7442,0,0
20830,0,0
7908,0,0
28730,1,1
11808,1,1
15073,0,0
6698,1,1
21738,0,0
23672,0,1
10444,0,0
12959,0,1
24065,1,1
19312,0,0
3993,0,0
11651,0,1
8105,1,1
7007,1,1
7104,1,1
10747,0,0
27277,1,1
12369,1,1
21840,1,1
27009,0,0
24158,0,1
18334,1,1
26711,1,1
20798,0,0
12701,1,1
25328,1,1
27858,1,1
9826,0,0
640,0,0
19428,0,0
12227,0,0
12518,1,1
22716,0,0
27885,0,0
5252,0,0
22828,0,0
9659,0,1
28194,1,1
953,0,1
24308,0,0
7937,1,1
9195,1,1
9124,0,0
19538,1,1
14844,0,0
13373,0,0
5236,1,1
27883,1,1
8348,0,0
12610,1,0
5464,0,0
6946,1,1
21206,0,0
22648,0,0
12340,1,1
22184,1,1
3378,1,1
1202,1,1
25489,0,0
480,1,1
11791,1,1
11833,0,0
15984,0,0
13577,1,1
26465,1,1
1322,1,1
11222,0,1
16974,1,1
3971,0,0
11666,1,0
23628,1,1
24618,1,1
8403,0,0
12542,0,1
24873,1,1
7809,0,0
2805,0,0
27624,1,1
17978,0,0
927,1,1
6836,0,0
21337,1,1
22182,0,0
14339,0,0
12374,1,1
27629,1,1
23865,0,1
25496,1,1
22021,0,0
8807,0,1
26251,1,1
26980,0,0
8278,0,0
17108,1,1
2221,1,1
11955,1,0
18593,0,0
23541,1,1
20683,0,0
5034,0,1
5199,0,0
12054,0,0
20679,0,0
512,1,1
5799,0,1
5910,0,0
14285,1,1
24096,1,1
10274,1,1
8958,0,0
24156,1,1
5925,0,1
27473,1,1
19749,0,0
1456,0,0
16773,1,1
26821,1,1
6682,0,0
16693,0,0
11416,1,1
20043,1,1
20657,0,0
27856,0,0
12572,0,0
28666,1,1
26070,1,1
9299,1,1
5711,1,1
24315,1,1
3172,0,0
11288,1,1
16872,1,0
10812,0,1
230,1,1
25700,1,1
23011,1,1
4457,1,1
17652,1,1
19689,0,0
22252,0,0
11899,0,0
11235,0,1
21801,0,1
11773,0,0
2622,0,0
10790,1,1
5211,1,1
1553,0,0
24986,0,1
9504,0,1
8939,0,0
3455,0,1
3426,1,1
10263,0,1
5384,1,1
19066,0,0
6526,0,0
14994,1,0
6835,1,1
2797,0,0
10260,0,1
1901,0,1
9816,0,0
21056,1,1
1336,0,0
28463,0,0
5814,1,1
22157,1,1
17503,0,0
1470,1,1
20294,1,1
20892,1,1
3230,1,1
2566,1,0
1642,0,0
8087,0,0
18696,0,0
22729,1,1
15712,1,0
18986,0,0
3579,1,1
13325,0,1
8248,1,1
15800,0,0
26799,1,1
9287,0,0
5564,1,1
16024,1,1
13792,0,0
2133,0,0
5047,1,1
19472,0,1
16354,1,0
20133,1,1
20139,0,0
1215,0,0
13826,1,1
18079,1,1
24423,1,1
6934,1,0
20793,0,0
24279,0,1
27077,0,0
13874,0,0
10370,1,1
1715,1,1
15413,0,0
5610,1,1
17351,0,0
21403,0,0
22819,0,0
8873,0,0
14807,1,1
3690,0,1
26972,1,1
8072,1,1
21186,0,0
18365,1,1
9356,1,1
1889,1,1
26596,1,1
27970,0,0
28755,1,1
17535,0,0
26617,1,1
24708,1,1
5218,0,1
15727,0,0
2664,1,1
21614,0,0
9020,1,0
2767,0,1
15691,0,1
2904,0,0
936,0,0
22510,1,1
18076,1,1
752,0,1
13253,0,0
12534,0,0
18434,0,0
22245,0,1
28441,0,0
13586,1,1
22114,0,0
9442,0,0
13413,1,1
16536,0,0
13761,0,0
13310,0,0
17464,0,0
13582,0,0
17391,0,0
27087,0,1
26037,1,1
14724,0,0
15364,0,0
4513,0,0
22723,1,1
9099,1,1
18750,1,1
7172,0,0
15410,0,1
2496,0,0
2851,1,1
26443,1,1
16863,1,1
25775,0,1
12553,1,1
26356,1,1
5683,0,0
15076,1,1
1045,0,0
15676,1,1
4252,1,1
12193,0,0
27096,1,1
5148,1,1
6551,1,1
17120,1,1
18370,1,1
7784,0,0
22395,1,1
19311,1,1
21708,0,1
26337,0,0
15130,0,0
28590,1,1
22070,1,1
5437,0,0
16124,0,0
28541,1,1
23467,0,0
14910,0,0
22769,0,0
15281,1,1
5339,0,0
16011,1,1
11578,1,1
13744,0,1
5115,1,1
6334,0,0
20241,1,1
18082,0,1
6948,0,0
19317,1,1
7553,1,1
21846,1,1
21108,0,1
20770,0,0
12626,1,1
10883,0,1
12918,0,1
7286,1,1
24455,1,1
10011,0,0
1947,1,1
27158,0,0
532,1,1
24520,1,1
28612,1,1
25398,0,0
3045,1,1
12860,0,0
4867,1,1
22469,1,1
23457,0,0
10495,0,1
1959,0,0
23338,0,1
16612,0,0
17004,0,0
11352,0,1
15062,1,0
20137,0,0
8602,0,1
6267,0,1
26587,0,0
23281,0,1
20889,0,0
10269,0,0
25287,0,0
1113,0,0
35,1,1
1730,0,1
21115,1,1
1471,0,0
3050,1,1
12550,0,0
25806,0,0
25246,0,0
1422,1,1
11132,1,1
26381,1,1
26359,1,1
2055,0,1
22102,0,0
18468,0,0
4479,1,1
4097,0,0
24540,1,1
14399,0,0
23144,0,0
27318,1,1
25102,1,1
1635,0,0
17178,1,0
26547,0,1
4384,1,1
19030,1,1
11627,0,1
8351,1,1
25792,1,1
13167,0,0
26523,0,0
16945,1,1
382,1,1
22454,1,1
8197,1,1
3901,1,1
12711,1,0
22150,1,1
22394,0,1
17486,0,0
18411,1,0
8763,0,0
17037,0,0
3706,0,0
25484,1,1
2009,0,1
11960,0,1
17882,1,1
18494,1,1
28659,1,1
27701,0,0
4322,0,1
23950,0,0
4160,0,1
19847,0,1
10475,0,0
7102,0,0
26866,0,1
718,1,1
7922,0,0
27825,0,0
25067,0,0
2404,0,0
23331,0,0
26809,0,0
19652,0,1
3508,0,0
19618,0,1
3298,0,1
15852,1,0
14660,1,1
16975,0,0
22883,0,0
10721,1,1
2408,0,0
13317,0,0
2142,0,1
8213,0,0
12814,0,0
9222,0,0
11968,1,1
20475,1,1
15918,0,0
8483,0,0
17659,0,0
3474,1,1
17031,0,0
19148,0,1
12778,1,0
10755,0,0
14100,0,0
12188,0,1
9687,0,0
18112,1,1
2730,0,0
11489,1,1
25577,0,0
8459,1,1
9373,0,0
11946,0,0
13166,0,0
8768,1,1
3229,0,0
7640,0,0
18182,0,0
24450,1,1
6186,0,1
23600,1,1
1666,1,1
11567,1,1
4140,1,1
12983,0,0
4034,1,1
20924,0,0
14987,0,1
25074,1,1
993,1,1
23159,0,0
28054,0,0
15742,0,0
16908,1,1
3639,1,1
14741,0,1
14546,0,0
7706,1,1
8292,0,0
802,1,1
2724,1,1
26463,0,1
22962,1,1
4740,1,1
9284,1,1
21420,1,1
26834,1,1
27156,1,1
18502,0,0
25310,0,0
8648,1,1
19772,0,0
19676,0,0
11896,1,1
3711,1,1
4036,0,0
26746,1,1
736,0,0
10739,1,1
27678,1,1
283,0,0
23363,1,1
18331,0,0
2250,1,1
2259,0,0
8900,0,0
19793,0,1
11917,1,1
17238,1,1
28100,1,1
10062,1,1
24937,0,0
22560,0,0
8663,0,0
23090,1,1
6049,0,1
3246,1,1
19683,1,1
9098,1,1
25430,1,1
18533,0,0
26201,1,1
16948,0,0
7536,0,0
8931,1,1
18729,0,0
1805,0,1
17198,1,1
13294,1,1
2316,0,1
19876,1,1
14656,1,1
23097,1,1
4844,1,0
16833,0,0
22812,1,1
13804,0,0
12403,0,0
2084,0,0
19549,0,0
26758,0,0
6164,1,1
11775,0,1
21090,1,1
24349,1,1
9614,1,0
3608,0,0
20108,1,1
12865,0,0
7042,0,0
28039,1,1
23575,0,1
24649,1,1
16442,1,1
5953,0,1
21369,0,0
27013,0,0
18204,1,0
4282,1,0
19402,1,1
12754,0,0
24906,1,1
3068,0,0
24129,0,0
7046,0,0
16847,0,0
24097,1,1
8040,0,0
20883,0,0
12898,1,1
17318,1,0
8505,0,0
24608,1,1
24652,1,1
8282,1,1
9478,0,1
13679,0,1
16148,1,1
24841,1,1
28192,0,0
26956,0,0
24674,0,0
12621,0,0
22542,1,1
1179,0,0
9084,1,1
22753,1,1
11742,0,0
23663,1,1
21028,1,1
9684,0,0
2958,0,0
7502,0,0
6944,0,0
7811,0,0
12396,1,0
18124,0,0
19871,1,1
26161,0,0
1121,0,0
21068,0,0
26220,1,1
16443,0,0
959,0,0
2362,1,1
11433,0,0
25292,1,1
9929,0,0
12272,1,1
7917,0,0
22858,0,0
19779,1,1
22545,0,0
16423,0,0
14108,1,1
13114,0,0
16481,0,0
8058,1,1
15977,0,0
7606,0,0
24620,1,1
12114,1,1
5545,0,0
4688,1,1
8714,0,0
9347,1,1
6478,1,0
13185,1,1
9620,1,1
21720,1,1
1163,1,1
1175,1,1
3789,1,1
23301,1,1
23733,1,1
18264,0,0
9532,1,0
13474,0,0
25854,1,1
2277,1,1
25462,1,1
15027,0,0
19365,0,0
10084,0,0
21210,1,1
15085,0,1
6750,0,1
14061,0,0
147,1,1
20663,1,1
25306,0,0
26387,1,1
7445,0,0
7656,1,1
8513,0,1
43,1,1
5172,1,1
23162,0,0
25466,0,0
3398,1,1
7469,0,0
6815,0,1
10697,0,0
7924,0,0
24776,1,1
16178,1,1
5727,0,0
19004,1,1
25870,0,0
15348,0,0
6631,1,1
23037,1,1
22633,0,0
10671,0,1
25927,0,0
17716,0,0
23139,0,0
15400,1,1
28243,0,1
8132,1,1
10468,0,0
18541,0,1
26945,1,1
16971,0,0
2694,0,0
996,0,0
16186,0,0
17279,0,0
26603,0,0
20958,0,0
8265,1,1
27360,0,0
4955,0,0
22935,0,0
7568,0,0
26299,1,1
4125,0,0
25517,1,1
18391,1,1
16914,0,0
17346,0,0
2445,0,0
21588,0,0
28256,0,0
5514,0,0
9414,1,1
20040,1,1
12033,0,0
5403,0,1
896,1,1
7554,1,1
16791,0,0
16333,1,0
22517,0,0
11203,1,1
16169,0,0
12872,0,0
15931,0,0
9273,1,1
24752,0,0
12273,0,0
19677,0,1
25822,0,1
7668,0,0
14268,0,0
1818,0,1
7790,1,1
24161,0,0
5216,0,0
12416,0,0
22905,1,1
16334,1,1
14950,0,0
17628,0,0
27501,1,0
11146,0,1
21535,0,1
6206,1,0
14658,0,0
21430,0,0
24185,0,1
24580,0,0
17192,0,0
3697,0,0
15192,0,0
12758,1,1
27791,1,1
27652,0,0
13468,1,0
9796,1,1
4699,0,1
3813,0,0
538,0,0
15841,0,0
21678,1,1
17117,0,0
9044,1,1
11535,0,0
15939,0,0
16768,0,0
24164,0,0
24682,0,0
1323,1,1
17405,1,1
2885,0,0
17203,0,0
6646,1,1
15746,0,0
26812,1,1
7998,1,1
25711,1,1
24168,0,0
22013,1,1
11521,0,0
4974,0,0
18269,0,0
3263,1,1
17398,0,0
24039,0,1
4372,1,0
7884,0,0
21166,1,1
28640,1,1
9250,1,1
503,0,0
14213,0,0
19674,0,0
24525,1,1
8247,1,1
16316,1,1
16403,0,0
16599,1,1
7117,0,0
25915,1,1
7752,1,1
9199,1,1
8922,0,0
3834,1,1
28033,0,0
11854,0,0
22037,1,1
18575,0,0
17383,0,0
7467,0,0
14468,0,0
12181,0,0
5102,0,0
9068,0,0
15289,0,0
21413,1,1
18999,0,1
16719,1,0
14233,1,1
21943,0,1
20264,0,1
19449,0,0
11816,0,0
19116,1,1
27191,0,0
25763,0,0
6377,1,1
8819,1,1
4814,0,0
22329,1,1
16200,1,0
4785,0,0
6625,1,1
14881,0,0
14860,0,1
18113,0,0
9753,0,0
25286,0,0
10434,0,0
1530,0,0
20940,1,1
20655,1,1
15614,1,1
9701,1,0
7251,1,1
15414,1,0
6424,1,1
21036,0,0
19704,1,1
1962,1,1
23588,0,0
20478,0,0
26545,1,1
7198,0,0
18220,0,0
8615,0,0
21459,0,0
7786,1,1
21885,0,1
7729,0,0
18598,1,1
5662,0,1
22613,0,0
26441,1,1
13691,1,1
26462,1,1
11942,0,0
22028,1,1
6865,1,0
7676,1,0
22551,0,0
7703,1,1
21480,0,0
1183,1,1
12063,1,1
7348,1,1
25134,1,1
10300,0,0
19336,0,0
19486,0,0
7725,0,0
11581,1,1
15827,1,0
19777,1,1
1347,1,1
22255,0,0
28016,1,1
14280,0,1
14092,1,1
1834,1,1
25726,1,1
7565,0,0
7793,0,0
13328,0,0
21495,1,1
25155,1,1
28006,1,1
22538,1,1
26183,1,1
16307,0,1
11178,1,1
4950,1,1
10943,0,0
14858,1,1
12034,1,0
11862,0,0
11740,1,1
9567,1,1
8622,0,0
19831,0,0
11582,0,0
6271,0,0
150,1,0
3949,1,1
25133,1,1
17752,0,0
8051,0,0
23721,1,1
7578,1,1
18605,0,0
16869,0,0
28111,0,0
11318,1,0
13626,1,1
1690,0,0
21749,1,1
21764,1,1
17986,0,0
5687,0,0
5035,1,1
10879,0,0
27065,1,1
27744,1,1
5749,1,1
14603,0,0
26786,1,1
10406,1,1
9888,0,1
3525,0,0
20476,1,1
6580,1,1
19854,0,0
25602,1,1
18012,1,1
7304,0,0
20332,1,1
27281,1,1
3876,0,0
17444,0,0
16161,0,0
20838,1,1
11769,1,1
2635,0,0
19172,1,1
25833,1,1
26783,1,0
18842,1,1
11840,0,0
21595,0,0
25512,0,0
7439,1,1
18298,0,0
4404,1,1
25434,0,0
5325,1,1
24013,0,0
5915,0,0
3858,1,1
25805,1,1
16507,0,0
23841,0,0
6730,1,1
5466,1,1
12900,1,0
15030,0,0
6550,0,0
28363,1,1
5979,1,1
14013,0,0
4667,1,1
20650,0,0
15053,0,1
20758,1,1
7545,0,0
2980,1,1
22655,1,1
1915,0,0
15262,0,0
26965,0,0
12863,0,0
1664,0,0
8450,1,1
17147,1,0
27578,0,0
6087,1,1
18742,1,1
2266,0,0
26797,0,0
21173,1,1
24696,1,1
25217,1,1
5678,1,1
28620,1,1
26948,1,1
20718,1,1
3578,1,1
8960,0,0
13102,1,1
9570,0,1
23313,0,0
14929,1,1
2949,0,0
2595,0,0
3329,1,1
26182,1,1
25755,1,1
24223,0,0
10989,0,0
22430,0,0
8211,1,1
22000,0,0
27434,1,1
2726,0,0
13819,0,0
1603,0,1
16342,1,1
13925,1,0
2214,1,1
14368,1,1
21283,0,0
18314,0,0
23359,1,1
7650,1,1
15780,1,1
19513,0,0
22739,0,0
15526,0,0
16463,1,1
10351,0,0
26996,0,0
2533,1,1
12740,0,0
9791,1,0
8299,1,1
3820,1,1
16804,1,1
21599,0,0
17474,0,0
24453,0,0
21803,1,1
20518,0,0
10316,0,0
13238,1,1
2588,1,1
7417,0,0
27762,0,0
14564,0,0
3725,1,0
21654,0,1
7375,0,0
6325,1,1
10186,1,1
22940,0,0
14954,1,0
15763,1,0
24876,1,1
24961,0,0
4143,0,0
28746,1,1
3014,0,0
11974,0,0
18609,1,1
1133,0,1
15818,1,1
25200,1,1
15459,0,0
2592,1,1
22554,0,1
11817,0,0
28009,1,1
20639,0,1
2300,0,0
4128,1,1
6404,1,1
17624,0,0
24545,1,1
22237,0,1
8957,0,1
2004,0,0
17817,0,0
10125,1,1
12049,0,0
28490,0,0
15647,0,0
17306,0,0
24813,0,0
2501,0,0
17605,0,0
28416,1,1
3662,1,1
1729,0,0
9480,1,0
1981,1,1
27178,0,0
12667,0,0
23038,1,1
17293,0,1
5937,0,0
23676,0,1
167,1,1
27295,1,1
24399,0,1
9473,0,0
12845,1,1
24116,0,0
12060,1,1
1644,0,1
19745,1,1
19511,1,1
2414,0,0
6392,0,0
19794,1,1
5317,0,0
12215,1,1
13028,0,0
17670,1,1
24126,0,0
367,1,1
2760,1,1
14507,0,0
10733,0,0
10309,1,1
21618,0,0
247,1,1
3383,1,1
6983,1,0
11911,0,1
12451,0,0
17683,1,1
22378,1,1
13126,1,1
28756,1,1
9322,0,1
487,1,1
19366,0,0
11617,1,1
14463,1,0
26568,1,1
18947,1,1
19357,1,1
18851,1,1
19467,0,0
27670,0,0
10826,0,0
9263,0,0
20782,0,0
27736,0,1
20356,0,1
1063,1,1
7277,0,0
28723,1,1
11783,0,0
2754,0,1
25307,0,0
24230,0,0
22006,0,1
21301,0,0
5712,1,1
22438,1,1
1114,1,1
4203,1,1
6576,0,0
8374,0,0
23872,1,1
16552,0,0
2813,1,1
10557,0,1
9469,1,1
3710,0,0
3001,1,1
22592,0,1
1731,1,1
8643,0,0
23180,0,0
5183,1,1
7628,0,0
450,1,1
11815,1,0
3874,1,1
6885,1,1
1662,1,1
14931,1,1
1078,1,1
18683,0,0
22896,1,1
11299,0,1
27542,0,1
23526,0,0
8862,0,0
4902,0,0
25663,0,0
3964,0,1
10465,1,1
28160,1,1
20917,1,1
5746,1,1
20992,0,0
7882,0,0
16624,1,1
9169,1,1
7886,1,0
22304,0,0
12051,0,0
15294,1,1
4641,0,0
11626,0,1
15666,0,0
15741,1,1
6035,0,0
14366,0,0
7842,1,1
3197,1,1
20440,1,1
13955,1,1
4343,1,1
18159,1,1
4706,1,1
20586,1,1
21835,1,1
7573,0,0
19722,0,1
16561,1,1
15461,0,0
315,1,1
15655,1,0
17362,1,1
10978,1,1
6824,1,1
25203,1,1
16382,0,0
25401,1,1
15603,1,1
22952,1,1
26073,1,1
1106,1,1
2714,0,1
15490,0,0
280,0,1
14261,1,1
14313,0,0
11466,1,1
979,0,0
7063,1,1
1414,0,1
8439,1,1
24731,1,1
624,0,0
19014,0,0
10075,0,0
6726,0,0
23263,1,1
9526,0,0
27361,1,1
17021,1,0
11073,0,1
18980,1,1
27769,1,1
25341,0,0
25798,1,1
1086,0,0
17246,0,0
14218,1,0
22513,1,1
12973,1,1
14398,0,0
5377,0,0
12027,1,0
19748,0,0
2683,0,1
5094,0,0
10904,0,1
28583,0,0
22450,1,1
9621,0,0
11782,1,1
16010,1,1
19703,0,0
5754,1,1
10483,1,1
24595,1,1
20533,1,1
9163,1,1
21685,0,1
23613,0,0
19588,0,0
18600,0,0
2145,1,1
23836,0,0
25924,0,0
15626,0,0
738,1,1
4168,1,1
28365,0,0
11014,1,1
19669,0,0
6395,0,0
1056,1,1
18779,1,0
21093,1,1
23659,0,0
1311,0,1
7132,1,1
664,1,1
14634,0,0
7070,0,0
12137,0,0
18295,0,1
26941,1,1
6657,0,0
9682,1,1
8474,1,1
17742,0,0
15495,0,0
19998,0,1
3047,0,1
6178,0,1
16265,0,0
12389,1,1
12375,0,0
4229,0,0
7100,1,1
17477,0,0
2639,1,1
4254,0,1
13957,0,0
14878,1,1
24389,1,1
26229,1,1
11309,1,0
12756,0,1
10783,0,1
16936,1,1
21076,0,1
18849,1,1
3035,0,1
601,1,0
5879,1,1
13867,0,0
5222,0,0
5824,1,1
17896,1,1
24133,0,0
3184,1,1
17900,1,1
3843,0,0
4520,0,0
21457,1,1
409,0,0
6440,1,1
3922,0,0
15597,0,0
21395,1,1
3350,1,1
19505,1,1
3780,0,0
25542,0,0
24877,1,1
21921,0,0
19417,1,1
9402,0,1
13614,1,1
12475,1,1
28217,1,1
18008,0,0
12896,0,0
2960,1,1
10727,0,1
3745,1,1
7760,1,1
22798,1,1
2213,0,0
6025,1,1
26553,0,1
22990,1,1
25419,1,1
7891,1,1
8454,1,0
3396,0,0
221,1,1
22898,0,1
16355,0,1
25524,1,1
14117,1,1
25406,1,1
7363,0,0
3885,0,0
24613,1,1
4501,0,0
27066,1,1
19668,1,1
13952,0,0
380,1,0
14375,1,1
26331,0,0
23751,1,1
7499,0,0
11500,0,0
14835,0,0
12377,1,1
22515,1,1
6529,1,1
1822,1,0
26290,1,1
27586,1,1
20697,1,1
10735,0,1
10784,1,0
21034,1,1
2152,1,1
21448,0,0
4450,0,1
330,1,1
607,0,0
28722,1,1
22563,1,1
24828,0,1
6925,1,1
12825,0,0
25779,0,0
3589,0,0
20649,0,0
18511,0,0
7799,1,1
7049,0,0
10765,1,0
7691,1,1
5697,1,1
9073,0,0
5551,0,0
24281,0,0
17984,1,1
21680,1,1
19780,0,0
8390,1,1
17538,0,0
15642,0,0
13022,0,1
18993,1,1
8345,0,0
12293,0,0
3421,0,0
7525,0,0
9527,1,1
14443,0,0
9535,0,1
17820,1,1
16110,1,0
5259,0,0
24979,1,1
15098,0,0
14585,0,1
10829,0,1
15377,0,0
22349,1,1
11832,0,0
16040,1,1
27922,0,1
8309,0,0
28627,0,0
21536,0,0
22110,0,0
5135,0,0
23015,0,0
13110,1,0
21022,0,0
3222,1,1
24662,1,1
26388,0,1
7918,1,0
22345,0,0
13938,0,0
28446,0,0
6224,0,0
10612,1,0
24400,0,0
26185,0,1
4448,0,0
23955,1,1
13725,1,1
11822,0,0
6214,0,0
231,1,1
16775,0,0
8318,0,0
12908,0,0
19803,0,0
3272,1,1
27556,0,0
7303,1,1
9517,1,1
6888,0,0
21462,0,1
22562,1,1
26001,0,0
6744,0,0
26920,1,1
17604,1,0
8300,1,1
27541,1,1
16710,1,1
24680,0,1
75,1,1
27242,1,1
19893,1,1
18326,1,1
1108,1,1
6847,0,0
2209,1,1
24562,0,1
19478,1,1
10366,1,1
715,0,1
748,0,1
24593,0,1
8910,0,0
24739,0,1
8765,0,0
14493,1,0
21309,1,1
26159,1,1
2227,0,1
23216,0,1
6759,1,1
8489,0,0
3939,1,1
20134,0,0
2359,1,1
1599,1,1
26495,1,1
17645,0,0
476,1,1
27149,0,0
26326,1,1
7779,1,1
16101,0,0
14322,0,0
7420,0,0
8832,0,0
22813,0,0
16045,1,1
20202,1,1
259,1,1
26787,0,1
6714,0,0
16296,0,0
27699,0,0
5598,0,0
17191,1,1
4080,1,0
23719,0,0
7302,0,0
14315,1,1
21577,1,1
12801,0,0
3537,0,0
28656,0,1
2764,0,1
7241,1,1
3064,0,0
26811,1,1
16055,0,0
17766,0,0
19826,0,1
7558,1,1
28501,0,0
9000,0,0
2701,0,1
2585,0,1
18798,1,1
12960,1,1
1147,0,0
346,1,1
8373,0,0
5507,0,0
20380,0,0
21109,1,1
26316,0,0
22910,1,1
7486,1,1
15423,1,0
5570,0,0
22715,0,0
26271,0,0
8099,1,1
22825,1,1
17639,1,1
12838,0,0
21135,0,0
1387,0,1
6350,1,1
8331,0,0
12246,0,0
7907,0,0
22995,0,0
963,1,1
17559,0,0
2619,1,1
20130,1,1
16785,0,0
17181,1,1
26774,0,0
6758,0,0
1796,1,1
15894,1,1
15354,0,0
20274,0,0
9897,0,0
23995,0,1
7071,0,0
14717,1,1
20483,0,0
5383,1,1
14977,1,1
15174,1,1
5533,0,0
16883,0,0
2617,0,0
17707,1,0
3792,1,1
17590,1,1
9767,0,0
25532,0,0
4220,1,1
18337,1,1
8639,0,0
18338,0,0
4984,0,0
2222,1,1
18662,1,1
21693,1,1
2762,0,0
15315,0,0
10430,0,0
2740,1,1
24542,0,1
18497,1,1
1346,0,1
24155,0,0
13194,0,0
821,1,1
23427,1,1
27964,1,1
16703,0,0
21728,0,0
2117,1,1
8870,1,1
27209,0,0
18583,1,1
21703,1,1
6091,1,1
10836,1,1
20344,0,0
24994,1,1
22324,1,1
14008,1,0
15363,0,1
4952,1,1
23195,0,1
19429,1,1
14956,0,0
11852,1,1
4788,0,0
26847,1,1
10572,0,0
2864,1,1
10210,0,0
9934,0,1
23538,1,1
28733,0,0
15814,0,0
15473,0,0
24825,0,1
16361,0,1
11456,1,1
24238,1,1
16570,0,0
27778,1,1
9739,0,1
19949,1,0
2350,1,1
17219,0,0
22682,0,0
24745,0,0
13082,1,1
28356,1,1
19258,1,1
22857,0,0
2842,1,1
21120,0,0
1118,1,1
26249,1,1
2973,1,1
1411,0,0
4602,1,1
14637,0,0
17980,0,0
16196,0,0
16900,0,0
22733,1,1
12793,0,0
8589,1,0
2386,1,1
7228,0,0
3308,0,0
12347,1,1
14747,1,1
11711,1,0
3002,0,0
18524,1,1
10631,0,1
14773,1,1
734,1,1
25499,0,0
22555,1,1
144,1,1
21906,0,1
22718,1,1
6561,1,1
14980,1,0
24636,1,1
2564,1,1
3643,0,0
18226,0,0
9538,0,1
15060,1,1
13978,0,0
27125,1,1
6842,1,1
8868,0,0
2715,0,0
15987,0,0
22834,1,1
11331,0,0
23031,0,0
18239,0,0
21905,0,1
23014,1,1
19236,1,1
28510,0,0
27655,1,1
19036,0,0
9183,0,0
15874,0,1
11945,1,1
9489,1,0
16373,1,1
2229,0,0
19067,1,1
27100,0,0
19441,0,0
14543,0,0
24726,1,1
16461,0,0
7447,0,0
21715,0,0
12584,0,1
8919,1,1
26117,0,0
24303,1,1
24016,1,1
24609,1,1
28487,0,0
22763,0,1
1580,0,0
25296,0,0
3580,0,0
26278,1,1
1911,1,1
6128,0,0
91,1,1
1510,0,0
188,0,1
4605,0,0
9161,0,0
12295,0,0
11900,0,0
649,1,1
14760,0,0
8575,1,1
17634,1,1
10328,0,0
321,1,1
5128,1,1
26059,1,1
5449,0,0
19418,1,1
644,1,1
9635,0,1
6482,0,1
5107,1,1
15258,0,0
20199,0,0
13169,0,0
18762,1,1
194,1,1
24082,1,1
2830,1,1
18910,1,1
17666,1,1
22310,0,0
28184,1,1
8042,1,1
10687,0,0
15296,0,0
2516,1,1
23631,0,0
430,1,1
19890,0,0
18902,1,1
23187,1,1
23914,1,1
21920,1,1
756,0,0
8227,1,1
24991,0,1
25795,1,1
10153,0,0
14018,0,0
4845,0,0
26835,1,1
23183,1,1
12525,0,0
3031,0,0
15554,0,0
17927,1,1
2874,0,0
15283,1,1
11206,1,1
4104,1,1
20347,1,1
24862,1,0
1747,0,0
26192,1,1
14447,0,0
17544,1,1
1052,1,1
6483,0,0
20253,0,0
7138,0,0
12029,1,1
2444,0,0
21934,0,0
22330,0,0
27492,1,1
20272,0,1
4991,0,0
26881,1,1
23479,1,1
9798,0,0
13729,0,1
17252,1,1
4273,1,1
26118,0,0
10240,0,0
27105,1,1
23234,1,1
6892,1,1
21590,0,1
5436,1,1
8670,0,0
14789,0,0
3100,0,0
24391,0,0
11269,0,0
4774,1,1
13784,1,1
6355,1,1
26798,1,1
18198,1,1
6014,0,0
12264,1,1
21584,0,0
19930,0,0
5671,1,1
11931,1,1
6399,1,1
10013,0,0
3753,0,1
27864,1,1
14383,1,0
25925,0,0
22635,1,1
1808,0,0
4296,0,0
27433,0,0
19859,1,1
28605,0,1
20549,0,1
22640,1,1
12543,0,0
19805,0,0
23142,1,1
4569,0,0
22073,0,0
2937,1,1
4817,0,1
19121,0,0
20964,1,1
7821,0,0
10134,0,0
19936,0,0
26066,0,0
28407,1,1
13958,0,0
26108,1,1
25107,1,1
9989,0,0
14503,1,1
21682,0,0
11191,1,0
12398,0,0
13501,1,1
10227,0,0
23536,1,1
24113,0,0
24338,0,1
12495,1,1
6797,1,1
18594,1,0
20311,1,1
10920,0,1
8344,0,0
7724,1,1
9875,1,1
16445,0,0
10389,0,0
24544,1,1
16982,0,0
10600,0,1
28284,1,1
11848,1,1
9931,0,0
6896,0,0
20802,0,0
9295,0,1
23204,1,1
25868,0,0
3082,1,1
15993,1,1
20496,1,1
20441,1,1
22591,0,0
15967,0,0
17,1,1
18754,1,1
12570,0,1
23891,0,0
17739,1,1
8686,1,0
8647,0,1
19278,0,0
2435,1,1
15402,1,0
17067,1,1
22631,1,1
13387,0,0
1493,1,1
2008,1,1
6503,1,1
10205,1,1
9688,1,1
10296,1,0
20974,0,0
19075,0,0
22778,1,1
28204,1,1
17057,0,0
16933,0,1
1801,0,1
9544,1,1
9512,0,0
7318,1,1
9676,0,0
27722,1,1
20072,0,0
25198,0,0
20680,0,0
1303,0,0
7949,1,1
11818,0,0
12599,0,1
4859,1,1
2734,0,0
16889,1,1
23621,1,1
27345,1,1
7840,1,1
9253,0,0
27408,0,1
12157,0,0
22279,1,1
2195,1,1
26955,0,0
1703,0,0
18170,0,0
1290,1,1
7613,0,0
26477,1,1
6388,0,1
24559,1,1
6517,0,0
23534,0,1
13915,0,1
27926,0,0
15844,1,1
5006,0,0
15665,1,1
396,1,1
24221,0,0
21441,0,0
12081,1,1
7828,1,1
17617,1,1
26921,0,1
4110,1,1
6547,0,0
12267,0,1
26009,0,0
25880,1,1
1595,1,1
24197,0,0
11799,0,0
14324,0,0
18422,1,0
14813,0,0
13118,0,0
11428,1,1
24882,1,1
20575,0,1
24108,1,1
16723,1,1
27891,1,1
7231,1,1
24327,0,0
482,1,1
18418,1,1
24121,1,1
8815,0,0
19074,1,1
23847,0,0
27459,1,1
18534,0,0
18636,0,0
13950,0,1
15465,0,0
12362,0,0
25047,1,1
20991,1,1
8528,0,0
2232,0,0
24171,1,1
25222,1,1
10939,1,1
14642,1,1
2784,1,1
11262,1,1
18695,0,1
3581,0,1
22072,0,0
5391,0,1
16996,1,1
2319,1,1
15000,0,1
26197,1,1
14477,0,0
26499,1,1
11117,0,1
28461,0,0
6316,1,1
24527,0,0
15797,0,0
24273,0,0
24459,1,0
10182,0,0
8874,0,0
12669,1,1
8729,0,1
26823,1,1
28230,1,1
19696,0,0
3399,1,1
9710,0,0
3919,0,0
24163,0,0
3214,0,1
28208,1,1
16214,1,1
10630,1,1
8025,1,1
23649,1,1
6902,0,0
23278,1,1
23968,0,0
3181,1,1
3757,1,1
27233,1,1
10408,0,0
15405,0,0
23684,0,0
7024,0,0
12709,0,0
27811,0,0
17016,1,1
20731,0,0
3616,0,0
18153,1,1
3541,0,1
11276,0,1
1743,0,0
18026,0,0
8781,1,0
1675,0,1
22470,1,1
119,1,1
20299,0,0
6435,0,0
4119,0,0
15643,1,0
22502,1,1
3986,1,1
7722,1,1
12781,0,0
23430,0,0
9237,0,0
14161,0,1
4560,0,1
26281,0,1
19851,0,0
6826,1,1
3142,0,0
23771,0,0
27294,0,1
520,1,1
385,1,1
7739,1,1
7808,1,1
7885,0,0
4969,1,1
25992,1,1
2449,0,0
6032,1,1
18582,0,0
438,1,1
16752,1,1
7653,1,1
168,1,1
20070,1,1
3978,0,1
16841,1,1
15860,1,1
18938,0,0
3609,1,1
8238,0,1
7294,1,0
14111,1,1
23627,1,1
681,1,1
20967,1,1
6187,1,1
5100,1,1
22381,1,1
2135,1,1
27359,1,1
15091,0,0
24206,0,0
6863,0,1
21049,0,1
459,1,1
21006,0,0
23904,1,1
4371,1,1
20869,1,1
16750,1,1
25356,1,1
15232,1,0
5117,1,1
10513,0,0
1201,1,1
4894,1,1
27723,0,1
12099,1,1
15071,0,0
8846,0,0
2662,1,1
12536,0,1
1978,0,1
26742,1,1
20732,0,0
11897,0,0
8696,1,1
20448,0,0
24436,0,0
15760,0,0
26226,1,1
12883,1,1
12608,0,0
5081,0,1
1940,0,0
16797,1,1
2528,1,1
2420,0,0
19536,1,1
14752,0,0
4106,1,1
23034,1,1
18042,0,0
8020,0,0
27088,1,1
6000,1,1
4194,0,1
1075,1,1
16795,1,1
20434,0,0
20594,1,1
17295,0,0
1397,0,0
12368,0,1
28213,0,0
12050,1,1
7682,0,0
24563,0,0
4985,0,0
23358,1,0
19931,1,1
28405,1,1
16416,1,1
25750,1,1
2020,0,1
18055,1,1
23817,1,1
26580,1,1
5500,0,0
7012,1,1
19186,1,1
12636,0,1
20329,0,0
5548,0,0
15212,0,0
7510,0,0
14918,1,1
21388,0,0
16564,0,0
7428,0,0
25177,1,1
12367,0,0
27690,1,1
9857,0,1
26389,0,0
17097,0,1
28414,1,1
6481,0,1
12503,1,1
25006,1,1
13702,0,0
11670,1,1
19629,0,1
4085,1,1
27252,0,0
10917,1,1
4293,1,1
12131,0,0
19195,0,0
4223,1,1
8673,0,0
26666,1,0
18285,1,1
17665,0,0
28532,0,0
26772,1,1
15249,1,1
7978,0,0
4068,0,0
28502,0,0
27029,1,1
964,0,1
10676,0,0
13698,0,0
13423,1,1
9298,0,0
6527,1,1
24334,1,0
24705,1,1
10843,0,0
27382,0,0
22226,0,0
6484,0,0
8856,1,1
8452,0,1
2173,0,0
4751,0,0
10341,0,0
8952,1,1
6134,0,0
15041,0,0
23267,0,0
6020,1,1
9240,0,0
5337,0,0
25437,1,1
11405,1,1
3438,0,0
103,1,1
14681,1,1
13124,0,1
4211,0,0
17556,1,1
13405,0,0
26749,1,1
828,1,1
15542,1,0
5875,1,1
12023,1,1
21393,0,0
28513,1,1
6138,0,0
24028,1,1
2434,0,0
23560,1,1
9022,0,0
21513,0,0
12406,0,0
19161,1,1
12519,0,0
9358,0,0
5532,0,1
12981,0,0
3366,0,0
21264,0,0
18790,1,1
17171,0,0
23470,0,1
16912,1,1
28679,1,1
21381,0,0
18238,0,0
18065,0,0
14883,0,0
27610,1,1
22777,1,1
8394,1,1
4202,1,1
22464,0,1
23747,1,1
16325,0,0
15591,1,1
17504,0,0
15264,0,0
18292,0,0
26923,1,1
10563,0,0
10645,0,1
14446,0,0
18815,1,1
5556,0,0
26393,1,1
27048,1,1
2225,0,1
24210,1,1
21955,0,0
6528,1,1
19442,1,0
17265,0,0
16404,0,0
25728,0,0
27146,0,0
7325,0,0
12426,1,1
11403,0,1
26494,0,0
11827,1,1
12927,0,0
18201,1,1
19798,0,1
16596,1,1
4043,0,1
8460,1,0
15584,1,0
8196,0,0
11710,1,1
16675,1,1
478,0,1
18510,0,0
3461,0,0
9185,1,0
27562,0,0
11342,0,0
8085,0,1
19147,1,1
21147,1,1
24490,0,0
8993,0,0
28289,0,0
647,1,1
970,0,0
4258,1,1
14487,0,0
22926,0,0
24088,0,1
19387,1,1
24443,0,0
6779,0,0
20582,0,0
23988,0,1
1009,0,1
6720,1,1
10710,0,0
4306,1,1
4015,0,0
4101,0,0
18796,0,0
23256,1,1
23021,1,1
3226,0,0
326,1,1
14575,0,0
9384,0,0
24783,1,1
21652,1,1
10984,0,0
6442,1,1
25409,0,0
19055,1,1
2194,1,1
15556,0,0
24671,1,1
13217,0,0
21831,0,0
10569,0,1
17148,1,0
6293,1,1
19325,1,0
14192,1,1
22311,0,0
20865,0,0
20352,0,0
21597,0,0
18861,1,1
25372,0,0
20378,1,1
15024,1,1
20727,0,1
19565,1,1
20820,1,1
12332,1,1
2748,0,0
22790,0,1
10154,1,1
6725,1,1
1006,0,0
27876,0,0
9138,1,1
3942,0,0
25732,1,1
26764,0,0
10506,0,0
10290,1,1
22674,1,1
12011,0,0
12551,1,1
10459,0,0
26637,0,1
28505,1,1
134,0,0
19452,1,1
24854,1,1
11574,1,1
9040,1,1
3351,1,1
13694,1,0
3200,1,1
25106,1,1
7576,1,1
15322,0,0
28164,1,1
9529,0,0
5775,1,1
11140,1,1
12565,1,1
26243,1,1
20715,1,1
17805,1,1
316,0,0
146,1,1
22806,0,0
25178,0,0
13609,1,1
5026,0,1
10019,0,1
13486,1,1
5221,0,0
11983,1,1
22762,0,0
5388,1,1
10957,1,1
25186,0,0
819,1,1
4463,0,0
9443,1,1
17237,1,0
3486,1,1
11160,0,1
25764,0,0
15583,0,0
11215,0,1
13437,1,1
18389,1,1
3111,1,1
19858,0,0
9539,0,1
17278,1,1
17268,1,1
20367,0,0
26090,1,1
2495,0,0
11316,0,1
13060,0,1
17661,0,0
5929,1,1
2505,0,0
27055,1,1
22589,1,1
22445,0,0
27006,0,1
14845,1,1
28707,1,1
21998,0,0
14483,0,0
24283,0,0
20685,1,1
24482,0,0
24959,1,1
25812,0,0
13678,0,0
1011,0,1
22177,1,1
17196,1,1
16253,0,1
9090,0,0
1034,1,1
6612,0,0
2270,0,0
696,0,0
10324,0,0
3704,1,1
11044,0,0
24530,1,1
15723,0,0
14181,0,0
10421,1,1
9564,0,0
2790,0,0
16746,1,1
3305,1,1
22106,0,0
26282,0,1
4890,1,1
11724,0,0
6492,1,1
26991,1,1
24305,1,1
7255,0,0
11729,0,0
14331,1,1
1888,1,1
5427,1,1
22275,1,1
9072,1,0
26186,1,1
5018,0,0
15904,0,1
1413,0,0
27057,1,1
27107,0,0
19046,0,0
4684,0,0
5405,0,0
19331,0,0
3623,0,1
19272,1,1
8410,0,0
26857,1,1
19592,0,0
180,1,1
15680,0,1
19475,1,1
21055,1,1
469,1,1
28736,0,0
2166,1,1
1027,1,1
10275,1,1
15767,0,0
1423,1,1
13674,0,0
17940,0,0
22147,0,0
6438,1,1
12457,1,1
12988,0,0
9423,0,1
27845,0,0
13132,0,0
7456,1,1
1192,0,0
27789,0,0
26986,0,0
4157,0,0
2559,1,1
19720,0,0
28690,0,1
8965,1,1
3734,0,0
11557,0,0
20205,0,0
13847,0,1
13250,0,0
3860,0,0
4981,1,1
25993,1,1
24393,1,0
2604,1,1
26655,0,0
4989,1,1
1297,1,1
21156,0,0
20018,1,1
635,1,0
21303,1,1
6538,1,1
21663,0,0
6108,0,1
6352,0,0
11928,0,0
21498,0,1
23694,1,1
15968,1,0
18508,1,0
13205,0,1
9192,0,1
24020,1,1
15837,1,1
22326,1,1
8365,0,0
4059,1,1
11163,1,1
10708,1,1
23224,0,0
15625,0,0
28767,1,1
10859,0,0
8882,1,1
25369,1,1
29,0,0
21819,0,0
24564,1,1
14712,0,0
6169,1,1
6662,1,1
3362,1,1
10224,0,0
27803,1,1
16277,0,0
3668,0,0
9946,0,1
4345,0,0
2644,0,0
28549,1,1
1869,1,1
20042,1,1
960,1,1
984,0,1
5138,0,1
21305,1,1
26448,1,1
23300,1,1
11823,1,1
23668,1,1
21719,1,1
25110,1,1
26087,0,1
14081,1,1
9792,0,1
11841,0,0
24462,0,0
4387,0,0
28519,1,1
24042,1,1
8518,0,0
2981,1,1
3202,1,1
9051,0,1
25294,0,0
1259,0,1
13802,0,0
11501,0,1
13574,0,0
25797,1,1
26944,1,1
15112,0,0
23871,0,0
26135,0,0
4057,0,1
6151,1,0
13416,0,0
16656,0,0
19248,0,0
24764,0,0
14160,1,1
14115,0,0
7841,1,1
9747,0,1
21809,1,1
17552,1,1
16175,0,1
5053,1,1
1429,1,1
20654,0,1
10779,0,1
26018,0,0
18177,0,0
3502,1,1
15288,0,0
1563,1,1
20523,0,1
4400,0,1
7388,1,1
11497,0,1
23079,1,1
8510,1,0
12922,0,1
16637,1,1
24536,0,0
1611,0,1
16470,1,1
14459,0,0
13601,1,1
17399,0,0
23336,1,1
6887,0,0
10581,0,0
25770,1,1
13134,0,0
11505,1,0
10443,1,1
1514,1,1
22200,1,1
25610,1,1
9380,1,1
17747,1,1
139,1,1
28346,1,1
11443,1,0
17441,0,0
19171,1,1
8925,0,0
2254,0,0
6029,1,1
25009,1,1
25905,1,1
6427,0,0
13935,0,0
25875,1,1
25403,1,1
18573,0,0
3418,1,1
11398,0,1
18698,1,1
18402,0,0
11625,0,0
12022,0,0
4824,0,0
3686,0,0
28544,0,0
16758,0,0
9811,0,0
19650,0,0
2290,1,1
4472,0,0
5226,1,1
6899,0,0
15214,0,0
24654,0,0
26245,0,1
7047,0,0
4153,1,1
18303,0,0
208,1,1
28424,1,1
24805,0,0
21476,0,0
15683,0,0
2605,0,0
13014,0,0
2587,0,0
26647,1,1
11940,0,0
13106,1,1
14891,1,1
10418,1,1
16796,0,0
21560,1,1
23683,1,1
14386,1,1
2870,0,0
18119,0,0
11436,1,1
13776,0,0
11408,1,0
24151,0,0
20203,0,0
2905,1,1
14920,1,0
2702,0,0
21130,0,0
10353,1,1
13905,0,0
2351,1,1
18254,0,0
23530,1,1
11127,1,1
1751,0,0
2299,0,1
28293,1,1
5160,1,1
6480,0,0
16345,0,0
7732,0,0
16134,1,1
23566,0,1
1640,0,0
12357,1,1
20881,1,1
27150,0,0
2492,1,1
6258,0,1
5688,0,0
9559,1,1
25660,0,0
25969,0,0
16951,1,1
18507,0,0
5155,0,0
9485,0,0
9482,0,0
13260,1,1
26489,1,1
11176,0,0
24833,0,0
16414,0,0
5032,0,0
14338,0,0
3110,1,1
24537,0,0
23156,1,1
28377,0,0
25505,1,1
25281,0,0
17599,0,0
13684,0,0
14002,0,0
21434,1,1
28708,1,1
2210,0,0
24392,0,0
22183,0,0
26003,1,1
27991,0,0
13991,0,0
18962,1,1
20265,0,0
618,1,1
17789,0,0
10277,0,0
16341,1,1
14619,1,0
21276,1,1
17926,1,0
7964,0,0
7326,0,0
7539,0,0
27974,0,0
21086,1,1
10869,0,0
24260,1,1
15191,1,1
1474,1,1
24430,0,0
15559,0,0
21570,1,1
10654,0,0
8354,1,1
1713,0,0
27023,0,0
3995,0,0
16166,0,0
9975,0,1
8151,0,0
11188,1,0
708,1,0
26187,1,0
19828,0,0
25816,1,1
8842,1,1
14465,1,1
23957,0,0
13487,1,1
15981,0,0
23912,0,0
6672,0,0
23191,1,1
21990,1,0
17973,0,0
2554,1,1
17189,0,0
15807,0,0
27549,1,1
24359,0,0
12425,1,1
18359,0,0
12633,0,0
17557,0,0
19647,0,0
5665,0,1
26826,1,1
2865,0,0
24968,0,0
16554,1,1
26762,1,1
3836,0,0
25440,0,0
22919,0,1
15598,0,0
20497,1,1
683,1,1
12266,1,1
23766,1,1
1291,1,1
9598,0,0
11511,0,1
15404,0,0
5260,1,1
6173,0,0
6011,1,1
5982,0,1
17647,0,0
14464,0,1
9633,0,1
17415,1,1
20502,1,1
22085,1,1
18492,0,0
25741,1,1
24388,0,0
15393,1,1
6245,0,0
5784,0,1
15547,0,0
22373,0,0
11909,0,0
14137,1,0
20135,1,1
1383,1,1
25893,1,1
2441,0,0
21144,1,1
17017,1,1
9541,0,1
13693,1,1
8796,0,0
13974,0,0
23107,0,0
12802,0,0
11010,1,0
25739,1,1
10455,1,1
20903,0,0
20757,1,1
23290,0,0
19845,0,0
431,1,1
21581,1,1
10146,0,0
25621,0,1
2751,0,0
5282,1,1
10993,0,0
26888,1,1
13069,0,0
1866,1,1
22236,0,1
6757,1,1
124,1,1
451,1,1
8674,0,0
1606,0,1
8161,1,1
23048,1,1
22113,0,0
7505,1,1
5589,1,1
13352,0,0
11490,0,1
14630,0,0
13315,0,0
23453,1,1
9575,0,0
6145,1,1
14445,1,1
13953,1,0
20747,1,1
11293,0,1
26839,0,0
10911,1,0
25210,1,1
6223,1,1
2081,0,1
26235,0,0
13517,1,1
15788,0,0
19801,1,1
5456,0,0
19143,1,0
8231,1,1
17050,0,1
22546,0,1
9905,0,0
21915,1,1
11123,1,1
26984,1,1
11902,0,0
15067,1,1
17408,1,1
18970,0,0
13398,0,1
19620,0,1
14127,0,0
15621,0,1
11866,1,1
10577,0,0
13154,0,0
3509,0,0
20198,0,1
11654,1,1
11888,0,1
8628,0,0
16831,0,0
3,1,1
16811,0,0
1632,0,0
8634,0,0
23089,0,1
26850,0,0
18630,0,1
23879,0,0
24480,0,0
3393,1,1
16695,1,1
466,1,1
14355,1,1
10061,0,1
6494,0,0
8200,1,1
19080,1,1
4338,1,1
10352,0,1
23112,0,0
11286,0,0
15208,0,0
25276,1,1
25756,1,1
16054,0,0
21261,1,1
24626,0,0
25317,0,0
22816,0,0
14655,1,1
22104,0,0
21731,1,1
7397,0,0
16520,0,0
9144,0,0
7152,1,1
26139,1,1
19656,1,1
27516,1,1
17779,0,0
844,0,0
16332,1,0
11450,1,1
15318,1,1
13441,0,0
25374,0,0
22784,0,0
3397,1,1
8908,0,0
1398,1,1
8476,0,0
14131,1,1
27130,0,0
9434,1,1
21688,1,1
14765,0,0
10877,1,1
24332,1,1
22032,0,0
795,0,0
6802,1,1
28675,0,0
15387,1,1
28268,1,1
6778,0,0
9558,0,0
26363,1,1
22363,1,1
7839,0,0
27269,0,0
16677,0,0
7109,0,1
20449,1,1
8972,1,1
10038,0,0
18967,0,0
27135,0,0
23767,0,0
6433,0,0
10219,1,1
6319,0,0
4335,1,1
13681,0,0
7731,1,1
24995,1,1
3693,0,0
17676,1,1
26446,1,1
12348,0,0
11558,0,1
15049,1,1
12684,0,0
6070,1,1
4610,1,1
10742,0,0
28071,0,0
24313,0,0
24797,1,1
7112,0,0
12113,1,1
6498,0,0
28047,0,0
4191,1,1
5425,1,1
12648,0,0
25672,0,1
28766,0,0
8005,0,0
5505,0,0
3784,1,1
6803,0,0
14023,1,1
15122,0,0
5732,1,1
8786,1,1
25486,1,1
23919,0,0
11933,1,1
22076,0,0
25506,1,1
19495,0,0
7403,0,0
2909,0,1
8141,1,1
10463,0,0
18134,0,0
3416,1,1
20805,1,1
28107,1,1
27551,1,1
7341,0,0
14458,0,0
11591,1,1
759,1,1
26738,1,1
8270,0,0
20622,0,0
1788,1,1
26442,1,1
7449,1,1
17038,0,0
1350,0,1
13458,0,1
6650,1,0
8019,1,1
8944,0,0
9165,0,1
12968,1,1
15839,1,0
18039,0,0
2361,0,0
1402,1,1
27954,1,1
16487,0,0
19815,0,1
7768,0,0
25070,1,1
10322,0,0
12432,0,1
5461,1,1
15985,0,0
5954,1,1
16359,1,1
1879,0,0
21861,0,0
20546,0,0
20656,1,1
24319,0,1
17662,0,0
20574,0,0
4558,1,1
17669,1,1
22829,1,1
22838,1,1
16084,1,1
1809,1,1
18516,0,0
15816,1,1
13963,1,1
19343,1,0
6965,1,1
13995,0,0
2442,0,0
22193,1,1
16177,1,1
21854,0,0
14750,0,0
28303,1,1
11150,1,1
655,0,0
16417,0,0
26513,0,0
18893,1,1
14927,0,1
322,1,1
13308,0,0
8049,0,0
17897,0,0
5144,1,1
6628,1,1
17001,1,1
9958,0,0
7427,1,1
8823,0,1
12706,0,1
16712,1,1
12361,1,1
11747,0,0
369,1,1
5880,0,0
8158,0,0
4121,1,1
22044,0,0
26559,1,1
16366,0,0
28169,1,1
5843,0,0
26650,1,1
1131,0,0
2265,1,1
5306,0,0
373,1,1
4528,1,1
8721,0,0
11096,1,1
21683,1,1
15107,0,0
25573,1,1
14118,0,0
20312,1,1
19444,0,0
2075,1,1
25911,0,0
10189,0,0
2916,0,1
24112,0,0
1418,0,0
27223,0,0
12730,0,0
7685,1,1
25077,1,1
15529,0,0
24047,0,0
19016,0,0
18834,1,1
115,1,1
10124,1,1
19781,1,1
28607,1,1
26943,0,0
6604,1,1
25339,1,1
16227,1,1
21184,0,0
11570,1,1
11879,1,1
12074,1,1
23622,1,1
20418,1,1
9534,1,1
1554,0,0
15099,1,1
8256,1,1
24625,0,1
15418,1,0
12766,0,0
88,0,1
18436,1,0
18192,0,0
27833,1,1
14874,0,0
3070,0,0
13360,1,1
10823,0,0
12890,1,1
9892,0,1
20407,1,1
18909,1,0
10212,1,1
17714,1,1
9681,0,0
776,0,1
6379,0,0
7579,0,0
939,0,0
24718,1,1
12307,1,1
21344,1,1
24716,1,1
11056,1,1
19020,0,0
4397,0,0
15133,0,1
30,1,0
12708,0,1
24465,1,1
5043,1,1
15645,0,0
20641,1,1
27483,1,1
2174,1,1
9922,0,0
2984,0,0
2207,0,0
547,1,1
15546,0,0
27689,1,1
945,0,0
25753,1,1
25908,0,0
16026,1,1
10594,1,1
24310,0,0
28597,0,0
3352,0,0
20637,0,0
1680,1,1
24744,0,0
1557,0,0
17102,0,1
14723,1,0
18756,0,0
2698,0,0
4199,0,1
26807,1,0
20739,0,0
10329,0,0
9440,0,0
24007,0,1
3732,1,1
8164,0,0
26969,0,1
1719,1,1
11606,0,0
17496,0,0
6248,1,1
17307,1,1
23354,0,0
27437,1,1
3113,0,0
20154,0,0
19577,1,1
21893,1,0
14968,1,1
19231,1,1
12617,0,0
18006,1,0
12250,0,0
12649,0,1
15634,0,0
14872,0,0
15510,0,0
12296,1,1
18769,1,1
7249,0,0
3296,1,1
22053,0,0
11438,0,0
6024,1,1
25453,0,1
24169,1,1
563,1,1
5345,1,1
12774,1,1
17407,1,1
22251,0,0
5290,0,0
6890,0,0
1873,1,1
17834,0,1
16794,1,1
12594,1,1
24661,0,0
9755,0,0
23127,0,0
18644,0,0
15241,0,0
12279,0,0
24658,0,1
13263,0,0
349,1,1
1687,1,1
1355,0,0
19687,1,1
9152,0,0
789,1,1
688,0,0
28235,0,1
21066,0,0
7665,1,1
17423,0,0
25565,0,0
25628,0,0
27106,0,0
24457,1,1
14647,1,1
23974,1,1
2766,1,1
16447,1,1
2026,1,1
23727,1,1
1527,0,0
15962,1,1
17933,1,1
2703,1,1
5187,1,1
22540,0,0
28579,0,0
17578,1,1
25704,0,0
13797,1,1
7317,1,1
28070,1,1
6916,0,0
21860,1,1
9320,0,0
14307,0,0
17566,0,0
27476,1,1
9132,0,1
21824,0,0
15058,0,0
23550,0,0
4424,1,1
16997,0,1
20113,0,0
24079,0,0
27144,1,1
17215,0,0
15884,1,1
6635,1,1
14853,0,1
5554,1,1
4189,1,1
20512,1,1
27046,1,1
26228,0,0
3739,0,0
26776,0,0
18368,0,1
8757,0,0
18956,1,1
15270,1,0
7395,1,1
10221,0,0
11145,0,1
12302,0,0
8094,1,1
10319,1,1
13713,0,0
22214,0,0
2710,0,0
25801,1,1
21676,0,1
2684,1,1
1393,0,0
25120,1,1
2226,0,1
2534,0,0
28222,1,1
24411,0,0
11752,0,0
6868,0,0
8370,1,1
11605,1,1
12917,0,0
5663,1,1
907,0,0
3899,1,1
24795,1,1
21123,1,1
10039,0,0
3617,1,1
26075,0,0
27907,1,1
27850,0,1
13120,0,1
17687,1,1
8828,0,0
16820,0,1
17904,0,0
13363,1,0
2727,0,0
19825,0,0
1604,0,0
19453,0,0
4564,0,0
17792,0,0
14186,0,0
24770,1,1
2412,1,1
24149,1,1
23488,1,1
16434,1,1
3274,0,0
6332,1,1
2425,0,1
6880,1,1
26286,0,0
24605,1,1
14517,1,1
26165,0,0
11265,0,0
28177,0,0
25262,1,1
28259,1,1
27522,0,0
15019,0,0
28764,1,1
20653,1,1
2873,0,0
13424,0,0
10045,1,1
12354,1,1
10933,0,0
3315,0,0
22795,1,1
606,1,1
16264,0,0
11604,1,1
28104,1,1
24541,1,1
21931,1,1
856,0,1
1926,1,1
14301,0,0
25846,1,1
17865,0,0
26739,1,1
20279,1,1
17372,0,0
17822,1,1
15557,1,1
8500,1,1
44,0,0
2812,1,1
25761,1,1
21211,0,0
7125,0,1
19673,1,1
10008,1,1
16358,0,0
21343,1,1
19633,0,0
15825,0,0
25689,0,0
20068,1,1
585,1,1
4978,0,0
10229,0,0
25523,1,1
21385,1,1
14169,0,0
25684,0,1
200,0,1
4563,0,0
17169,1,0
8840,0,0
2051,0,0
12400,0,0
22586,0,1
15425,1,1
13370,1,1
4825,0,0
3533,0,0
21851,0,0
19040,0,0
2264,0,1
1232,0,0
16818,1,1
18868,0,0
8672,0,0
25126,0,0
9202,1,1
3926,0,0
2536,1,1
5597,0,1
17867,1,1
17574,1,1
20888,1,1
17068,1,1
21112,0,0
14525,0,0
17579,1,1
24964,1,1
23557,0,0
6909,1,1
12953,0,0
4072,1,1
24760,1,1
27969,0,0
21858,1,1
1065,0,0
28376,0,0
2855,1,1
15164,0,0
9898,1,1
376,1,1
22882,0,0
26265,1,1
833,0,1
22460,0,1
20140,0,1
17498,1,1
5050,0,0
24920,1,1
13641,0,0
25938,0,0
14185,1,1
27163,0,0
15991,0,0
3073,0,1
21619,0,0
15579,1,1
4954,1,1
10138,0,0
10545,0,0
5001,1,1
10880,0,1
22862,1,1
4724,1,1
9805,1,1
23827,0,1
8658,1,1
69,1,1
16995,0,0
1739,0,1
13954,0,0
22526,0,0
16372,0,0
14810,0,0
24635,1,1
6535,1,1
227,0,0
8478,0,0
26169,1,1
11082,0,0
1864,0,0
10982,0,0
19189,1,1
7474,1,1
22923,1,1
5191,1,1
28697,0,0
1812,0,0
26618,1,1
383,1,1
27329,1,1
729,0,1
313,0,0
28645,0,1
11844,1,1
26136,0,0
2826,0,0
20647,1,0
21104,0,0
5673,0,0
5262,1,1
3059,0,1
16408,1,1
15782,0,1
19469,0,0
11623,1,1
4044,1,1
8443,1,0
11387,1,1
11915,0,0
15458,0,0
17382,0,0
22747,0,0
23587,1,1
20076,0,0
6215,0,0
2897,0,1
25046,0,0
11679,0,0
725,1,1
4618,0,0
5407,0,0
8538,0,1
10615,0,0
26909,1,1
7217,1,1
19415,0,0
16147,0,0
14673,0,0
5826,1,1
6462,1,1
620,0,0
8867,1,1
21630,1,1
8517,0,1
15779,0,0
23823,0,0
20735,1,1
5418,0,0
8281,1,1
1977,0,0
23901,0,0
25957,1,1
23379,0,1
13557,0,1
12670,0,0
25130,0,0
12408,1,1
15115,1,1
12044,0,1
6366,1,1
17731,0,0
28155,1,1
16688,1,1
14865,1,1
27394,1,1
2815,0,0
21192,0,0
20521,1,1
2782,1,1
11376,0,1
26098,0,0
14329,0,0
5528,1,1
2512,1,1
16431,0,0
18728,1,1
11514,0,0
28215,1,1
21985,0,0
22678,0,0
19132,1,1
10575,1,1
54,0,0
17545,1,1
20397,1,1
3463,0,1
13845,0,0
27904,0,0
2847,1,1
5485,1,1
11462,0,0
28654,0,0
4032,0,0
27494,1,1
24405,1,1
19807,0,1
5070,0,1
23609,0,1
2859,1,1
20743,1,1
17786,1,1
898,0,0
10868,0,0
10231,0,1
1722,1,1
17134,1,1
10035,1,1
12904,1,1
22405,1,1
22934,1,1
3737,1,1
24378,1,1
17481,0,0
27358,0,0
6676,1,1
13888,0,0
6072,0,0
20204,0,0
26082,0,0
21391,1,1
24240,0,1
13710,1,1
10884,0,0
7647,1,1
18699,1,1
21284,0,0
6921,1,1
13377,1,1
20014,0,0
8010,0,0
21081,0,0
24589,1,1
20909,0,1
8137,0,0
27721,0,0
12505,1,1
25099,1,1
20503,0,0
23881,0,0
10347,1,1
20141,0,0
25313,1,1
28385,0,0
2095,1,1
6770,1,1
12678,1,1
18661,1,1
7900,1,1
8332,0,0
10519,0,0
2245,1,1
8544,0,0
3938,1,1
1153,1,1
26204,0,0
8777,0,0
1084,0,0
3505,0,0
14784,0,0
10906,0,1
18036,1,1
18580,0,0
14147,0,0
9995,1,1
4489,0,0
19594,1,1
21439,0,0
9642,1,1
20555,0,0
5076,1,1
27761,0,0
26970,0,0
18866,1,1
25038,1,1
4305,0,0
8279,0,0
1880,1,1
17846,0,0
22205,0,0
18420,0,0
3921,0,0
2998,1,1
2707,0,0
23937,1,1
10863,1,1
22369,0,0
26268,0,0
25730,1,1
4966,1,1
18356,1,1
4547,0,1
16250,0,0
16993,1,1
15986,0,0
25233,0,0
3302,0,0
14299,1,1
28247,1,1
18975,0,0
6460,0,0
3974,0,0
12965,0,0
1328,0,0
9226,0,0
20184,0,0
1318,0,0
1775,0,1
8725,0,0
8704,0,0
11973,1,1
25491,1,1
5508,0,0
27739,0,0
10574,0,0
3877,1,1
28162,0,0
5493,0,0
11399,0,1
2001,1,1
9653,1,1
20682,0,1
311,0,1
23348,1,1
57,1,1
1631,1,1
12086,1,1
18772,0,0
14323,1,0
19463,0,0
1534,1,0
9134,0,0
15776,1,1
25190,1,1
17979,0,0
22374,0,0
12795,1,1
21898,1,1
28040,1,1
1280,0,1
14627,0,0
26454,1,1
25948,0,0
5165,1,1
20913,0,0
14050,1,1
21743,1,1
7406,1,1
7364,1,1
5934,0,0
7822,0,0
12555,1,1
4286,0,0
884,0,0
23527,1,1
23528,1,1
19471,0,0
542,1,1
27221,0,0
4418,1,1
25039,1,1
26635,1,1
4226,1,1
1862,0,0
4836,0,0
19970,0,0
16950,0,0
18760,1,1
8178,1,1
2838,1,1
735,1,1
9977,0,0
16989,1,1
10422,0,0
15180,0,0
22696,0,1
12465,1,1
28433,1,1
18228,0,0
9375,1,1
21645,0,0
25360,0,0
12422,1,1
5013,1,1
27218,1,1
17785,0,0
2645,0,0
14601,0,0
13643,1,1
5708,0,0
11526,0,0
3248,0,1
23380,0,0
2736,0,0
4388,0,0
21129,1,1
14754,0,0
23632,0,0
10226,0,0
25719,0,0
1188,0,1
327,1,1
7581,1,1
10023,0,0
2582,0,0
16441,0,0
2028,0,0
16383,1,1
8413,0,1
23179,0,0
826,0,0
4847,0,0
3930,1,1
25412,0,0
14748,1,1
16350,1,1
16219,0,0
16187,1,1
20845,0,0
21148,1,1
12939,0,0
13540,0,0
14921,0,1
28240,1,0
20951,0,0
6239,1,1
23085,1,1
7757,1,1
19246,0,0
3879,1,1
27111,1,1
19386,0,0
25167,0,0
12736,0,0
7405,1,1
16485,0,0
12749,0,0
9391,0,1
1356,0,0
28344,1,1
15684,1,1
4973,1,1
2252,1,1
17703,0,0
2789,1,1
3953,1,1
15442,0,0
2085,1,1
14583,0,0
8834,1,1
15631,0,0
22163,0,0
12311,0,0
17841,1,0
6918,1,1
23804,1,1
22382,0,0
10675,0,0
9328,1,1
13927,0,0
21266,0,0
27727,1,1
20972,0,1
7555,1,1
19017,1,1
10968,1,1
23135,0,0
17835,0,0
2704,0,0
20525,1,1
23462,0,0
3433,0,0
6699,0,0
9736,0,0
10949,0,1
218,1,1
26868,1,1
9831,0,1
408,1,1
2655,0,0
18442,1,1
21464,1,0
20273,1,1
20328,0,0
24839,0,1
8447,0,0
26623,1,1
12322,1,1
23,1,1
25271,1,1
27941,1,1
5180,0,0
26903,1,1
25873,1,1
28637,0,0
8743,0,1
20444,0,1
25163,0,0
9644,1,0
23923,1,1
8364,0,0
4099,0,0
10772,1,1
18737,1,1
25410,0,0
25937,0,0
14462,0,0
8676,1,0
1276,0,1
10241,0,0
10670,0,0
13524,1,1
10673,0,0
19134,0,0
17720,1,1
15983,0,0
5019,1,1
9952,1,1
10824,0,0
16745,1,1
26922,1,1
26530,1,1
9410,0,0
17116,1,1
14729,1,1
22617,0,0
24700,0,0
8485,0,1
5549,0,0
3794,1,1
7223,1,1
2332,1,1
1261,1,1
18477,1,1
9008,0,0
9061,1,1
28782,1,1
24083,0,0
27746,1,1
12136,1,1
668,1,1
13243,0,0
17155,1,1
16469,0,0
10206,0,0
14180,0,0
8936,0,0
28157,1,1
812,1,1
11843,0,0
15628,0,0
8969,1,1
7563,0,0
2101,1,1
23867,1,1
24178,0,0
3211,0,1
21907,1,1
25986,0,0
27174,1,1
13812,0,0
7932,0,0
1247,0,0
22680,0,0
14636,1,1
25757,0,0
17536,0,0
3387,1,1
22831,0,0
4069,0,0
5635,1,1
8203,1,0
10071,0,1
16614,1,1
8021,0,0
26982,0,1
15395,0,0
457,1,1
5202,0,0
11072,1,0
3532,0,0
21053,1,1
27899,1,1
22873,1,1
14826,1,1
6504,0,1
2334,1,1
15435,0,0
14875,1,0
9920,0,1
26418,0,1
23947,1,1
27404,0,1
27681,1,1
22197,0,1
7301,1,1
12082,0,0
20464,0,0
7780,0,0
19818,1,1
7004,0,0
8735,0,0
17167,1,1
19293,0,0
1012,0,0
23027,1,1
15220,1,0
14513,1,1
21217,1,1
14775,1,1
26889,0,0
14959,1,1
26132,0,0
3620,0,0
22100,1,1
8999,0,1
25415,0,0
11838,1,1
23160,1,1
5763,1,1
15535,0,0
7934,1,0
21095,1,1
18348,1,0
10919,1,1
22160,1,1
11134,0,1
8047,1,1
14248,1,0
11551,1,1
1944,1,1
2893,1,1
24646,1,1
2002,0,0
18727,0,0
26012,1,1
12796,0,0
17804,0,0
18906,1,1
11994,0,0
20825,0,0
416,1,1
651,0,0
9704,0,0
27205,0,0
14919,0,0
7671,1,1
11959,1,1
8863,1,1
6234,0,0
19792,1,1
28459,1,1
24648,0,0
12596,0,0
14976,1,0
22929,1,1
19160,1,1
701,1,1
25771,0,0
22466,0,1
10016,1,0
8477,0,0
11129,0,0
11193,0,1
21460,1,1
19416,0,0
6950,0,0
24802,1,1
28300,0,0
27047,1,1
23884,1,1
22457,0,0
9658,0,1
19842,0,1
16545,1,0
11770,1,1
8023,1,1
9071,0,0
9252,1,0
13522,1,1
14148,1,0
17654,0,0
21481,0,0
335,1,1
22435,0,0
8710,1,0
2374,0,1
21658,1,0
25427,1,1
9381,0,1
27016,1,1
17319,1,1
10867,0,1
16104,1,1
7174,1,1
11227,0,1
4245,1,1
3910,1,1
11031,1,1
3705,0,0
16595,1,1
1224,0,1
14945,1,1
17388,1,0
638,1,1
4704,1,1
9887,1,1
23356,0,0
12088,0,1
11732,1,0
2687,1,1
19474,0,0
15341,0,0
5130,0,0
11086,1,1
14064,1,0
12759,0,1
4821,0,0
16468,1,1
16641,0,0
3984,0,0
4265,0,0
10821,0,0
3381,0,1
28418,0,0
7516,1,1
25361,1,1
3634,1,1
8827,0,0
18405,1,1
8891,0,0
23965,1,1
3522,0,0
11068,0,0
25762,0,0
9149,1,1
23732,0,1
11680,1,1
19987,1,1
2616,1,1
8761,0,0
3287,1,1
2638,0,0
26537,1,1
20123,1,1
2323,1,1
7475,1,1
4692,1,1
16973,0,0
25375,1,1
9698,1,1
21913,0,0
15709,1,1
1891,0,0
24247,0,0
21079,1,1
21018,0,1
7451,1,1
3422,0,0
17291,0,0
15624,0,0
25612,1,1
2879,1,1
24351,1,1
22496,0,0
17086,0,0
14816,0,0
5816,0,0
12202,1,1
11790,0,0
3277,1,1
23917,1,1
10480,1,1
18848,1,1
22525,0,0
5421,0,0
8355,0,0
19787,0,0
20890,0,0
16286,1,1
23119,1,1
9629,0,1
616,0,0
11537,1,1
19532,1,1
12283,1,1
4504,1,1
10876,0,0
17983,0,0
11291,1,1
12350,0,1
24758,1,1
17596,0,0
23770,0,0
1231,1,1
531,1,1
18321,0,0
18067,1,1
20887,1,1
5847,0,0
20280,0,0
12609,1,1
28241,0,0
16362,1,1
13496,0,0
2862,1,1
12238,1,1
23730,1,1
7743,1,1
5802,0,0
9100,1,1
14584,1,1
13078,1,1
19319,0,0
7191,0,0
25302,0,0
13872,0,0
14004,0,0
175,1,1
27488,1,1
15243,0,0
24811,0,0
2930,1,1
16432,1,1
13724,0,0
26293,1,1
27879,0,0
17363,0,0
6417,0,0
11216,0,0
16962,1,0
18786,1,1
3653,0,0
2519,1,1
3147,0,0
9419,0,0
12344,0,0
18614,0,0
6648,0,0
23903,1,1
27997,1,1
20268,0,0
23174,1,1
25840,0,0
1574,1,1
1349,1,1
11147,0,0
26419,0,0
27243,1,1
5071,0,0
6127,0,0
3223,0,0
15219,1,1
265,1,1
26926,1,1
10470,0,0
23062,1,1
15443,0,1
6039,1,1
14354,1,1
16518,1,1
14804,0,1
10091,1,1
7131,0,0
24572,1,1
5512,0,0
26540,1,1
22566,0,0
14911,0,0
24341,1,1
8341,0,1
24294,1,1
22323,0,0
2127,0,0
19976,0,1
7484,0,0
83,1,0
26820,0,1
12738,0,0
16926,0,1
16387,1,1
3244,1,1
10359,0,1
4957,0,0
7570,0,0
28740,1,1
9276,1,1
19721,1,1
17230,0,0
17121,0,0
25448,1,1
5357,0,0
28737,0,0
13634,0,1
19377,0,0
1830,0,0
23595,0,0
19679,1,1
19384,1,1
17113,0,0
13225,0,1
3019,0,0
22535,0,1
6354,0,0
13064,0,0
1233,0,0
28593,1,1
25642,0,0
9961,0,0
17283,1,1
8214,1,1
424,1,1
17887,1,1
21286,0,0
22937,1,1
24224,0,0
26983,1,1
13642,0,0
26312,0,0
809,0,1
7948,0,0
13150,0,0
3341,0,0
16739,1,1
10368,0,0
17277,0,0
3125,0,0
15969,1,1
12209,1,0
14573,1,1
20573,0,0
13104,0,1
6034,1,1
24072,0,0
9014,0,1
714,0,1
3219,0,0
9932,0,0
6052,0,0
27756,0,1
16339,0,0
13278,0,0
17971,1,0
1929,0,0
12339,1,1
26005,1,1
25216,0,0
27841,1,1
13836,0,0
3588,1,1
7923,0,0
13170,0,0
25591,1,1
2608,1,1
10462,0,0
20665,1,1
25124,0,0
16563,1,1
3128,0,0
17743,0,0
11201,0,0
10902,1,1
7515,1,1
22505,0,0
11057,1,1
16553,0,1
16992,0,0
25025,1,1
6599,0,1
1847,1,1
24203,1,1
15196,1,1
2188,0,0
14702,0,0
17427,1,1
1298,1,1
15578,0,1
19076,0,0
2781,0,1
22917,1,1
8240,1,1
23718,1,1
27159,0,0
28158,0,0
25423,1,0
27752,1,1
15431,1,1
16899,1,1
28606,0,0
25667,1,1
26709,1,1
22351,1,1
17526,1,1
15420,0,1
27093,1,1
18632,0,0
1786,0,0
5163,0,0
12952,0,0
7030,0,0
18794,0,0
16303,0,0
14960,1,1
9334,0,0
8242,0,0
1443,1,1
23016,1,1
25582,0,0
5865,1,1
11702,0,0
25135,1,1
19908,1,0
5928,1,1
1833,0,0
27972,1,1
24864,1,1
10372,0,0
22521,0,0
14214,0,1
4872,0,0
22941,1,1
11378,0,0
23765,1,1
1472,0,1
27497,1,1
3233,0,1
27585,1,1
1026,0,0
6692,1,1
3559,1,1
27245,0,0
1174,1,1
18215,1,1
27121,0,0
15565,0,0
13740,0,1
24339,1,1
16801,1,1
9619,0,0
9625,0,0
10476,1,1
17966,0,0
10099,1,1
13827,0,1
20191,0,0
1197,1,1
13722,0,0
18085,1,1
4577,0,0
5819,0,0
11562,1,1
24402,1,1
6534,1,1
9055,0,0
28611,1,1
554,1,1
26488,1,1
24534,1,1
25263,0,0
17003,0,0
20721,1,1
7168,0,0
15068,0,0
1206,1,1
24412,0,0
12287,1,1
17098,0,0
18419,0,0
26886,1,1
28671,0,0
3848,0,1
264,1,1
3740,0,0
15409,1,1
4182,0,1
16317,0,0
10469,0,0
27866,1,1
21331,0,0
28258,0,0
20282,1,1
28577,1,1
3349,1,1
26224,0,0
19791,0,1
3334,1,1
21249,0,0
13734,1,1
19872,1,1
25256,0,0
24458,0,0
13365,0,1
1572,1,1
8726,1,1
9363,0,1
18804,0,0
4219,0,1
23086,1,1
11037,0,1
20899,0,1
20795,0,0
411,1,1
820,0,0
14055,0,0
18872,0,0
5090,0,0
621,1,0
20842,0,0
15594,1,0
5575,0,0
10959,0,0
744,0,0
3080,0,0
19300,0,0
16290,0,0
26865,1,1
11230,1,1
8943,1,1
3288,0,1
6857,1,1
7708,0,0
11264,0,0
6309,0,0
28621,1,1
18363,0,0
15446,0,0
26828,1,1
18478,1,1
2165,1,1
14802,0,0
6717,1,1
12462,0,0
1584,1,1
11418,1,1
10192,1,1
21984,1,1
25721,0,0
11592,0,0
3138,1,1
12085,0,1
25461,0,0
21811,0,0
28135,0,0
13438,0,0
28236,1,1
10496,0,0
17282,1,1
14452,1,0
1287,1,1
8165,0,0
7477,1,1
11699,0,0
5099,0,1
8650,0,0
19762,1,1
22086,0,1
26688,0,0
6600,0,0
20635,0,0
15239,0,0
11872,0,1
21227,0,1
22071,1,1
17859,0,0
2238,1,1
4201,0,0
3847,0,0
28314,1,1
8147,1,1
25071,0,0
3702,1,1
12169,1,1
2571,0,0
21605,0,0
20391,0,0
1338,0,0
25345,1,1
9266,1,1
23773,0,0
9279,1,1
11766,0,0
9992,0,0
28176,1,1
20340,0,1
28602,0,0
15199,0,0
22401,1,1
25278,0,1
18886,1,0
19316,1,1
4772,0,0
25096,0,0
1807,0,1
22459,0,0
14088,0,0
27847,1,1
21270,1,1
27704,0,0
15118,1,1
16966,0,0
8377,0,0
25584,0,0
11887,0,0
13787,0,0
6390,1,1
25334,0,0
13758,1,1
24913,1,1
13040,0,0
5116,1,1
25045,0,0
24048,1,1
344,1,1
456,1,1
28586,1,1
27621,1,1
3494,1,1
19240,0,0
27042,1,1
11547,0,1
12491,1,0
27644,0,1
16313,1,1
25894,1,1
5815,0,0
16379,0,0
12659,0,0
20409,1,1
28775,1,1
5186,1,1
24213,1,1
12715,0,0
13982,1,0
1704,0,0
28688,1,1
19714,1,1
26897,1,0
25708,1,1
28291,0,0
21208,1,1
23532,0,0
12335,0,0
28285,1,1
3437,0,1
4152,1,1
19454,1,1
18095,1,1
11285,0,1
1274,1,1
6287,1,1
720,0,0
25158,1,1
16621,0,0
24295,1,1
15324,0,1
26681,0,1
7090,1,1
6210,0,0
19649,1,1
5005,0,0
22129,1,1
10397,0,0
16302,0,0
18838,1,1
23755,1,1
26084,0,0
5195,0,0
18561,1,0
2273,1,1
6027,1,1
3699,0,0
26912,1,1
10168,1,1
10194,1,1
1329,1,1
20010,1,1
24486,1,1
9812,0,0
6289,0,0
15506,1,1
26958,0,1
19064,1,1
3448,0,0
16349,0,0
1571,0,1
16888,0,0
17678,0,0
14224,0,0
20864,1,1
12792,0,0
3165,1,1
14983,0,0
20101,1,1
7901,1,0
7136,0,1
21661,1,1
2074,0,0
20524,1,1
15172,0,0
16275,0,1
14657,0,0
23215,1,1
7335,1,1
4256,0,0
16720,1,0
7672,1,1
20905,0,1
25087,0,0
3658,0,1
257,1,1
24664,0,0
2202,0,0
9317,0,0
23394,0,0
17878,1,0
10312,0,0
8288,1,1
11229,0,1
8742,0,0
25243,1,1
9994,1,1
17782,1,1
28570,1,1
23900,0,1
5927,1,1
4660,0,0
6300,1,0
695,1,1
5584,0,0
22092,0,1
27973,0,1
484,1,1
22921,1,1
359,1,1
3733,0,0
28478,0,1
14756,0,1
13823,0,0
15757,0,0
25907,0,1
4810,1,1
10746,1,1
24914,1,1
17149,1,1
2527,0,1
24761,1,1
7733,0,0
16181,0,0
5706,1,1
25665,1,1
12104,1,0
26935,0,0
9300,0,0
2450,0,0
6793,0,1
13249,0,0
27299,1,1
14542,1,1
27344,1,1
24896,0,1
24377,1,1
15731,0,0
14614,0,0
21879,1,1
4834,1,1
3612,1,1
14682,1,1
6120,0,0
12244,1,1
12315,0,0
836,0,1
18068,1,1
3566,1,1
4129,0,0
12514,0,0
15615,1,0
17406,0,0
14985,0,0
5504,1,1
27440,0,0
766,0,0
23680,0,0
803,0,0
16067,1,1
28777,1,1
334,1,0
8285,0,0
16876,0,0
26348,1,1
2678,0,1
18515,0,1
15204,0,0
17992,0,0
12148,1,1
17954,1,1
23206,1,1
26148,0,0
3689,0,0
1676,1,1
2549,0,0
1061,1,1
3369,0,0
8317,0,0
9477,0,0
27412,1,1
18168,0,0
15999,0,0
41,0,0
22166,1,1
19732,1,1
102,1,1
1966,0,0
11097,0,1
26184,1,1
3213,0,0
19635,0,0
4026,1,1
6595,1,1
21220,0,0
1698,0,0
11325,0,0
11660,0,1
10054,0,0
3254,1,1
2923,1,1
16190,0,0
8617,0,0
4568,0,0
13211,1,1
20129,0,0
741,1,1
25066,1,1
22062,0,0
2053,1,1
4936,0,1
20879,1,1
27336,1,1
20293,1,1
10980,0,1
9502,1,1
27792,0,0
2545,1,1
21830,0,0
16356,0,0
6136,0,0
101,1,1
16207,0,0
15340,1,1
133,0,0
6384,1,1
13148,1,1
7850,1,1
222,1,1
1827,0,0
26621,0,0
2825,0,0
6179,1,1
14793,1,1
3483,1,1
11758,0,1
17500,1,1
1943,0,0
9406,0,0
26597,1,1
4696,0,0
27463,1,1
5955,1,1
4720,1,1
23948,0,0
10643,0,1
10664,1,1
4970,1,1
7500,1,1
8880,0,0
28044,1,1
19767,0,0
21401,0,1
23153,0,0
16483,0,0
11550,0,0
11018,1,1
15230,0,0
239,0,1
2012,0,0
10548,1,1
6084,1,1
5096,0,1
16262,0,0
3008,0,1
6952,1,1
12402,0,0
21238,1,1
2447,1,1
6095,1,1
26974,1,1
1498,0,0
9707,1,1
15119,1,1
22661,0,0
25843,0,0
2733,0,0
27909,1,1
4851,1,0
17854,1,1
23798,1,1
23698,0,0
5042,1,1
10105,1,1
20359,0,1
2485,1,1
21094,1,1
17975,1,1
3328,0,0
27757,0,1
22757,1,1
14774,0,0
3519,1,1
829,0,0
3988,1,1
17877,1,0
26675,0,0
4653,0,0
185,1,1
28112,0,0
4490,1,1
14797,0,0
26002,1,0
17431,1,0
24326,1,1
26057,1,1
8810,0,0
6292,1,1
13218,0,0
9987,1,1
24679,1,1
8139,0,0
13215,0,0
15189,0,0
27089,1,1
6341,1,1
11177,1,1
7546,1,1
19313,1,1
5045,1,1
24785,0,0
17840,1,0
26609,0,0
12035,1,1
28432,1,1
3429,1,1
22767,1,1
21285,0,0
12971,1,1
4949,0,0
17891,1,1
7503,0,0
23682,0,0
9773,1,1
26928,0,0
18741,1,0
15888,0,0
24180,0,1
5764,0,0
19821,0,0
11963,1,0
23589,1,1
6148,1,1
14155,0,0
20818,1,1
25323,0,0
6425,0,0
13825,1,1
8482,0,0
10948,0,1
17507,0,0
353,1,1
8194,1,1
18206,0,0
14471,0,0
24830,1,1
22741,0,0
17795,0,0
11175,0,1
27956,0,0
15252,0,1
25300,1,1
4275,1,1
6126,0,0
26340,0,1
8976,1,1
5359,0,0
14538,0,0
15528,0,0
3571,0,1
24919,1,0
14303,1,0
20547,0,1
17210,0,0
12967,0,0
14241,1,1
12421,1,1
21163,0,0
15730,1,0
18503,0,0
25206,1,1
10337,1,1
27411,0,0
1039,0,0
10509,0,0
28245,0,0
12933,0,0
17855,1,1
23242,0,0
17697,1,1
28159,1,1
7,1,1
5331,0,1
1255,0,1
10520,0,1
7755,1,1
3958,1,1
24699,1,1
2090,0,0
290,1,1
9303,0,0
540,1,1
10624,1,0
1749,1,1
16602,0,0
11388,0,1
19202,1,1
4235,0,0
18421,0,0
2649,0,0
13252,0,0
6664,0,0
12341,0,1
15541,0,1
21787,1,1
19671,0,0
26076,1,1
21783,0,0
7582,1,1
27187,0,0
5923,0,0
20088,0,1
22125,0,0
23521,0,0
19378,0,0
16817,1,1
18364,1,1
6708,1,1
19973,1,1
21474,0,0
13400,0,0
6003,0,0
23799,0,0
16229,1,1
15005,0,0
3928,0,0
7497,0,0
22456,1,1
12277,1,1
19728,1,1
24419,0,1
26925,1,1
14771,1,1
26273,0,0
24943,0,1
19340,1,1
26704,1,1
16098,1,0
21408,1,1
17913,0,0
17562,1,1
9441,1,1
4031,0,0
2375,0,0
16384,0,1
20321,1,1
3884,0,0
21935,0,0
27934,1,1
7898,1,1
8629,1,1
19242,1,1
10809,1,1
7278,0,0
18969,1,0
26320,0,0
12119,0,0
123,1,1
1405,1,0
25255,0,0
16664,0,0
12513,0,1
27999,1,1
19382,1,1
11212,1,0
9976,0,1
14438,0,0
20401,0,1
25872,1,1
20067,0,0
16697,0,0
26907,1,1
1768,1,1
19823,0,0
28660,0,0
25794,1,1
2322,0,1
1243,0,0
20484,1,1
16837,1,1
21878,0,0
12783,0,1
14046,1,0
17489,1,1
13038,0,0
900,1,1
12784,0,0
4410,1,1
2255,0,0
3769,1,1
2806,0,0
2681,1,1
20986,1,1
18154,0,0
6974,0,0
27713,0,1
7552,0,0
13101,0,0
13010,0,0
3960,0,0
3314,1,1
17541,0,0
13624,1,1
15415,0,0
19286,1,1
12989,0,0
23366,0,1
19436,1,1
28485,1,1
10339,0,0
28306,1,1
22365,0,0
6700,1,1
26624,1,1
11040,1,1
17894,1,0
12101,0,0
6077,0,0
18523,1,1
26176,0,0
7220,0,0
16581,0,0
13314,1,1
27708,0,0
17646,0,0
6062,1,1
26861,0,0
19484,0,0
16857,0,0
12642,0,1
25056,1,1
24820,0,0
10094,0,1
17976,0,1
11522,0,1
16213,0,0
4241,0,0
10718,0,1
3237,0,1
18472,1,0
14867,1,1
27078,1,1
22593,1,1
10228,1,1
3162,1,1
11642,1,1
8540,1,1
13559,1,0
9822,0,0
22451,1,1
28242,1,1
11976,1,1
22492,0,0
6913,0,0
28295,1,1
6649,1,1
14242,0,0
18273,1,1
25661,1,1
10690,0,0
1077,1,1
15714,1,1
26128,0,0
3826,0,0
26565,1,1
5857,0,1
24420,0,0
6061,0,1
3207,0,0
17567,1,1
19257,0,0
27684,1,1
20402,0,0
15656,1,0
2150,1,1
14951,0,0
17052,1,1
9761,0,1
3489,0,0
28086,1,1
27005,0,0
5887,1,1
10378,1,1
14811,0,0
19709,0,1
17960,0,0
6346,1,1
5477,0,0
11192,0,0
2380,1,1
18840,1,1
9403,0,0
28062,1,1
9579,0,1
3529,0,0
7113,1,1
4420,1,1
604,0,0
4149,1,1
19829,1,1
18929,0,0
23818,0,0
24488,1,1
875,0,0
6978,1,1
12741,1,1
14718,0,0
14190,0,0
7589,0,0
17060,0,0
19351,0,0
2467,1,1
19409,1,1
24692,1,1
21080,1,1
6593,0,0
10607,0,0
10696,1,1
7912,1,1
3724,0,0
22907,0,0
24336,0,0
22189,0,0
28684,1,1
15695,0,0
12830,1,1
24925,1,1
1365,0,0
17736,0,0
21752,1,1
575,1,1
3204,1,1
1023,0,0
11243,1,1
8079,1,1
4442,1,1
10424,0,0
20325,0,0
14316,0,0
25972,0,0
20390,0,1
17183,0,0
12587,0,0
8267,0,0
23269,1,1
2065,0,0
25147,0,0
22552,1,1
913,1,1
24711,1,1
5061,0,0
5859,0,0
12829,1,1
1859,0,0
7569,0,0
509,1,1
18783,1,1
14757,0,0
17689,0,0
15654,0,1
7639,1,1
15211,1,1
5245,0,0
25823,0,0
2814,0,0
20004,1,1
9355,1,1
25140,0,1
12591,0,0
17594,0,0
10385,0,0
12245,1,1
12292,1,1
21306,0,1
2697,1,1
4534,0,1
25005,1,1
26703,0,0
27581,0,1
13202,0,1
16357,1,1
22352,0,0
6939,0,0
15188,0,0
4550,0,0
6624,1,1
7072,1,1
12564,1,1
12573,0,0
16759,1,1
7712,1,1
2220,0,0
8293,1,1
14667,1,1
25015,1,1
23623,0,0
27095,0,0
5719,0,1
902,1,1
8779,1,1
6501,0,1
11099,1,1
25214,0,0
6912,0,0
513,1,1
7359,1,1
3270,0,0
7930,1,1
7567,1,1
24985,0,0
2115,1,1
15104,1,0
22881,1,1
15785,0,1
3501,0,0
16429,1,1
5652,0,0
251,1,1
27415,1,1
2915,1,1
27521,1,1
16225,1,1
9291,1,1
11304,1,1
7571,1,1
25480,1,1
5888,1,1
1601,0,1
18167,1,1
6872,0,0
17123,0,1
2338,1,1
3157,0,0
21620,0,0
17757,0,1
13788,1,1
27854,0,0
15829,0,0
23507,1,1
9172,0,0
27686,1,1
6634,0,1
1256,1,1
16657,0,0
10689,0,0
2992,0,0
263,1,1
22650,1,1
21424,0,0
8393,0,0
25909,0,0
1097,1,1
4291,1,1
15846,0,0
11798,0,0
10562,1,1
15736,0,0
7748,1,1
3336,0,1
24966,0,0
9926,0,1
14146,0,0
22734,0,0
27776,1,1
15866,0,0
24128,1,1
19034,1,1
14533,1,1
7719,1,1
13676,0,1
17224,1,1
14770,1,1
16319,0,0
4705,1,0
27235,1,1
4510,1,1
28287,0,0
20339,0,0
3821,0,0
13020,0,0
20981,1,1
8225,1,1
18430,1,1
20928,1,1
7088,0,0
4634,1,1
1047,0,0
16638,0,0
14293,1,1
15137,0,0
8030,1,1
4475,1,1
26913,0,0
2546,1,1
10862,1,1
9233,0,0
17598,1,1
13008,0,1
27418,1,1
3012,1,1
27225,1,1
9565,1,1
8008,1,1
28521,1,1
21667,1,1
1090,1,0
12675,0,1
21744,1,1
14314,1,1
4010,0,0
9043,0,0
27385,1,1
11131,0,0
12956,0,0
26601,1,1
21043,0,0
15342,1,1
22317,1,1
16809,1,1
21966,1,1
21151,0,0
19024,1,1
11165,0,0
25668,1,1
23035,0,1
27461,0,0
7781,0,0
27576,1,1
17762,0,0
20353,1,1
8778,0,0
20439,0,0
14163,0,0
810,1,1
17738,1,1
20155,0,0
3714,1,1
25659,1,0
224,0,0
17734,0,0
3846,0,0
15050,1,1
5348,1,1
10001,0,1
14854,0,1
15693,1,0
28063,1,0
16008,0,1
1504,1,1
7107,0,0
3018,1,1
25967,0,0
25586,1,1
12176,0,0
23878,0,0
17797,1,1
16605,0,0
3261,1,1
23439,0,0
12655,0,1
27781,0,1
28646,1,1
5604,1,1
1771,0,0
15361,1,1
15840,0,0
1377,1,1
23168,1,1
8941,1,1
28060,1,1
4159,1,1
16430,1,1
9194,0,1
11804,1,1
20994,1,1
18266,0,0
20803,1,1
14803,0,1
25952,1,1
4217,1,1
12257,0,0
13588,0,0
26722,1,1
16636,0,0
6870,1,1
12703,0,0
22367,1,1
9397,0,0
18972,1,1
7591,1,1
23820,0,0
13988,0,0
27817,1,1
9547,0,0
3511,0,0
7819,1,1
9585,0,0
433,1,1
21005,1,1
6603,1,1
28702,1,1
25971,1,1
25370,0,0
25949,0,0
26124,0,1
27748,1,1
10122,0,1
21075,1,1
11828,0,1
1535,1,0
2878,0,0
5140,1,1
16897,0,0
13494,1,1
1272,0,0
27809,0,0
6307,0,0
11204,1,1
5836,0,0
16492,1,1
19244,1,0
3652,0,0
17020,0,0
6340,0,0
1616,0,0
12909,0,0
9594,0,0
5139,0,0
21341,0,0
19243,0,0
8692,0,0
18433,0,0
12976,0,0
11932,1,1
26667,1,1
1334,1,1
13549,0,0
8887,0,0
20993,1,1
9626,0,0
5714,1,1
15297,0,1
28220,0,0
15353,0,0
24231,1,1
25420,0,0
26853,1,1
26789,1,1
4556,1,1
23000,0,0
8902,1,1
25666,1,1
25183,1,1
8470,0,1
17920,0,0
6812,0,1
20835,0,0
5194,0,0
21827,0,1
20846,1,0
10144,1,0
4309,0,0
18726,0,0
27913,1,1
4028,0,0
16271,0,0
13047,1,1
26664,1,1
19199,1,0
14401,0,0
12014,0,0
10818,0,1
245,0,1
24406,1,1
5483,0,0
5324,1,0
19632,1,1
10865,0,0
19651,0,0
10356,0,1
8979,0,1
308,1,1
10944,1,1
9500,0,0
20988,0,1
7585,0,0
21892,1,1
23340,0,0
8442,0,0
19110,1,1
28450,0,0
23797,0,0
4953,1,1
16970,0,0
22046,1,0
16038,0,0
23744,1,1
8274,1,1
24567,1,1
16761,1,1
9997,1,1
3105,0,1
7201,1,1
14428,1,1
20571,0,0
17103,0,0
22213,1,1
26342,0,1
22266,0,0
16953,1,1
25116,1,1
59,0,1
26262,1,1
8101,1,1
2405,1,1
10977,1,1
7260,0,0
27431,0,0
2577,1,1
16760,1,1
27398,0,0
26417,0,0
14578,1,1
1362,1,1
4447,1,1
6112,1,1
18789,1,1
24463,1,1
10299,0,0
14625,1,1
15026,1,1
6920,0,1
17523,0,0
14577,0,0
23433,1,1
20433,0,1
23077,0,0
20910,1,1
17614,0,1
2267,1,1
3929,1,1
23712,0,0
12052,1,1
25418,0,0
1166,0,0
6536,0,1
21235,0,0
12532,1,1
8449,1,1
27838,0,0
20161,0,0
13625,0,0
11105,1,1
16586,0,0
1419,0,0
10620,1,0
28141,0,1
14264,1,1
13459,0,1
20121,1,1
6428,0,0
13035,1,1
6951,1,1
14221,1,1
8337,0,0
15244,1,1
15013,1,1
10276,0,1
3353,1,1
13876,1,0
21001,1,1
9147,0,0
21410,1,1
24552,0,0
21722,1,1
2205,1,1
16744,1,1
5936,0,0
22807,0,0
21647,0,1
15325,0,0
11988,1,1
9672,0,0
10598,0,0
27654,1,1
24429,1,1
9838,0,0
13160,1,0
6421,1,1
28731,1,1
23775,0,0
22717,0,0
4574,0,0
1371,1,1
19191,1,0
18731,1,1
9129,0,0
11762,0,1
656,1,1
6660,1,1
1205,1,1
13198,0,0
6677,1,1
22639,0,0
18679,1,0
9841,0,0
23029,1,1
13730,0,0
14234,0,0
9568,0,0
20064,0,0
10438,0,0
14094,1,0
8487,0,0
19834,1,1
4290,0,0
14727,1,1
26628,1,1
8980,1,1
18483,0,0
6453,1,1
9962,0,0
26575,0,0
12618,1,1
22980,1,1
9353,0,1
6195,0,0
2927,1,1
22187,0,0
1870,0,0
6839,0,0
11636,0,1
4591,1,1
27755,1,1
28447,0,1
22644,0,0
5625,0,0
24467,0,1
586,1,1
1437,1,1
27305,1,1
27877,0,0
22863,1,1
3043,0,0
14028,0,0
8416,1,1
20614,0,1
10018,0,0
21250,1,1
16870,1,1
23790,1,1
15483,0,0
13658,0,0
22179,0,0
20902,1,1
27886,0,0
17389,1,1
19002,1,1
1187,0,0
18738,1,1
9904,1,1
8223,1,1
27823,0,0
13981,0,0
12548,1,1
13940,0,1
19570,1,1
28747,1,1
21802,1,1
13717,0,0
16919,1,0
17863,1,1
17873,0,0
21711,0,0
3717,1,1
8896,1,1
1144,0,0
14244,1,1
4630,0,0
19712,0,0
1158,0,0
27770,1,1
20766,0,1
21894,0,0
19907,1,1
22273,1,1
7738,1,1
3882,0,1
28745,1,1
11943,0,0
18894,0,0
21482,0,0
3872,0,0
20216,1,1
4807,0,0
22416,1,1
23181,1,0
2946,1,1
12687,0,0
7603,0,1
21612,0,1
16046,0,0
14941,1,1
16816,0,0
5318,0,1
14096,0,0
12143,1,0
24759,0,0
12864,0,1
15215,1,1
4205,0,0
13208,0,0
18692,1,1
26910,0,1
10512,0,0
10369,0,0
25095,1,1
8731,0,0
8426,0,0
3728,0,0
2966,0,0
12928,0,0
13381,0,0
25180,0,0
14000,0,0
24852,1,1
19059,1,1
22814,1,1
10311,0,0
23925,1,1
19266,1,0
17226,0,0
22154,0,0
13108,0,0
12492,1,1
16467,1,1
18596,0,0
17243,0,0
13593,1,1
3941,0,0
14664,0,0
95,1,1
6279,0,0
11608,0,0
27315,0,0
27959,1,1
14906,0,0
10037,0,0
15573,0,0
23753,1,1
962,1,1
12836,0,0
11895,0,1
28106,1,0
10202,1,1
6808,0,1
17409,1,1
21970,0,0
17584,0,0
21478,0,0
22608,1,1
21759,0,0
27694,1,1
8688,1,1
2349,1,1
22043,0,0
15798,1,1
9366,0,1
2621,1,1
10560,1,1
23993,0,0
22837,0,1
12761,0,0
10297,1,1
3582,1,0
11121,1,1
3295,1,1
21187,0,1
4401,0,0
23081,0,0
2403,0,1
18270,1,0
10021,0,0
24324,1,1
18615,0,0
13420,1,1
19562,1,1
2109,1,1
25357,0,0
10761,0,1
10852,0,0
24298,1,1
410,1,1
6549,1,1
21539,0,0
24452,1,1
2189,0,0
19725,0,0
24630,1,1
19756,1,1
27145,1,1
9928,0,1
9418,0,0
13764,1,1
21218,0,0
24551,0,1
27271,1,1
4585,1,1
14281,0,0
20765,0,0
22875,0,0
20925,1,1
15543,0,0
4417,1,1
12102,0,1
4041,0,0
15466,1,0
1654,0,0
27661,0,0
15716,0,0
21755,1,1
23983,1,1
20648,1,1
13783,1,1
14012,0,0
9530,0,1
3062,0,0
21182,0,0
25449,1,1
22022,1,1
26081,1,1
20610,1,1
9027,0,0
10157,0,0
2247,1,1
6357,0,0
1135,1,1
9774,1,1
25507,0,0
18766,1,1
6491,1,1
4714,1,1
18090,1,1
23667,1,1
7003,0,0
17876,1,1
18878,1,1
24800,0,1
27333,1,1
7482,1,1
21786,0,0
28744,1,1
25981,1,1
8251,0,0
6306,1,1
23615,0,1
19352,1,1
12068,1,1
10193,1,1
24878,0,0
2458,1,1
15537,1,1
19500,1,1
9645,0,0
18874,1,1
19339,1,0
5217,0,0
26570,1,1
27698,1,1
10429,1,1
22058,0,0
25549,0,0
15421,0,0
22768,0,0
21983,1,1
26740,1,1
3472,0,0
4680,1,1
8492,1,0
21422,1,1
19755,0,0
2146,1,1
21890,1,1
26505,0,0
10792,1,1
23572,0,0
18409,1,1
610,1,1
7946,1,1
13084,0,0
6518,1,1
15278,0,0
5351,0,0
643,1,1
1464,1,1
8857,1,1
20248,0,0
15335,1,1
19090,0,0
22539,0,0
7858,0,0
5333,1,1
18904,1,1
8797,0,0
10890,0,1
17344,1,1
26541,1,1
6545,0,0
22972,1,1
10711,0,1
14361,1,1
23378,0,1
6270,1,1
20041,0,0
13651,0,0
18996,1,1
15879,0,0
11253,1,1
15079,0,0
28705,1,1
13307,0,0
27365,0,0
360,1,1
20220,0,0
26460,0,1
2910,1,1
16266,1,1
2199,0,0
18057,0,0
6871,1,1
6405,1,1
25919,1,1
11846,1,0
19461,0,0
4139,0,0
7944,1,1
21868,0,1
15687,1,0
17125,0,0
13197,1,0
27334,0,0
19207,1,1
11502,1,1
6756,1,1
1522,0,1
20189,0,0
20996,0,1
2182,0,0
3496,0,0
23391,1,1
12030,1,1
13505,1,1
16139,0,0
18127,1,1
3375,1,1
25094,1,1
26479,0,0
23390,0,0
17698,1,1
14364,0,0
26607,1,1
17411,1,0
10333,0,1
22833,0,0
9453,0,1
11311,0,0
23136,1,1
21695,0,1
11067,1,1
28332,1,1
1760,1,1
11012,1,1
16540,1,0
18110,1,1
12437,0,1
20707,0,1
13572,0,0
13530,1,1
22713,1,1
9986,0,0
18003,1,1
25235,1,1
21779,0,0
8064,0,0
10272,0,0
10700,0,0
4038,0,0
4863,1,1
25847,0,0
14972,0,0
22228,1,1
17597,0,0
4505,1,1
10986,0,0
15811,0,0
13573,0,1
26305,1,1
5473,0,1
13375,1,1
2799,1,1
2235,1,1
5716,1,1
17112,1,1
3168,1,1
8298,0,0
16699,1,1
28081,0,0
14431,0,0
26822,0,0
13475,0,1
19819,1,1
25634,0,0
12813,1,1
21412,0,0
8497,0,0
11368,1,1
20136,0,1
5689,1,1
25187,0,0
6715,0,0
20678,1,1
20514,0,0
4024,1,1
9804,1,1
21146,1,1
13966,1,1
9433,1,1
28558,0,0
10318,0,0
1748,0,0
14305,0,0
20799,0,1
9331,1,1
6685,1,1
12233,1,1
584,0,1
19547,1,1
6225,1,1
21766,1,1
27801,0,0
18585,1,1
14205,0,0
2315,1,1
8769,0,0
6170,0,1
7877,1,1
24135,1,1
19920,0,0
25956,0,0
4013,1,1
18775,1,1
16730,0,0
6466,0,0
7093,0,1
1020,0,0
17170,0,0
1533,0,0
483,1,0
707,1,1
2712,1,1
4337,0,0
19113,1,0
13814,1,1
26677,0,0
22945,1,1
26371,1,1
19137,1,1
9606,0,0
577,1,1
12526,0,0
13552,0,0
6667,0,0
4914,1,1
19341,1,1
3947,1,1
18318,0,0
13687,1,1
4269,0,0
9201,0,0
20823,0,0
25408,1,1
7661,0,1
1624,0,1
20428,1,1
9112,1,1
3540,0,0
1576,0,0
26668,0,0
14059,1,0
